user_id,order_count,total_spend,avg_order_value,derived_segment
1374,1,2.81,2.81,Bronze
1767,1,4.49,4.49,Bronze
1897,1,7.05,7.05,Bronze
1282,1,7.15,7.15,Bronze
20,1,7.24,7.24,Bronze
698,1,7.56,7.56,Bronze
467,1,7.6,7.6,Bronze
1672,1,8.1,8.1,Bronze
531,1,8.21,8.21,Bronze
2593,1,8.36,8.36,Bronze
1286,1,8.84,8.84,Bronze
2347,1,9.13,9.13,Bronze
2472,1,9.23,9.23,Bronze
1534,1,9.43,9.43,Bronze
2168,1,9.43,9.43,Bronze
2685,1,9.82,9.82,Bronze
612,1,10.14,10.14,Bronze
1618,1,10.4,10.4,Bronze
1742,1,10.81,10.81,Bronze
346,1,10.86,10.86,Bronze
4,1,11.34,11.34,Bronze
275,1,11.61,11.61,Bronze
790,1,11.79,11.79,Bronze
1616,1,12.29,12.29,Bronze
1499,1,12.97,12.97,Bronze
1500,1,13.16,13.16,Bronze
52,1,13.44,13.44,Bronze
2288,1,13.88,13.88,Bronze
2406,1,14.26,14.26,Bronze
2707,1,14.29,14.29,Bronze
1661,1,14.78,14.78,Bronze
1484,1,14.89,14.89,Bronze
107,1,15.05,15.05,Bronze
1199,1,15.11,15.11,Bronze
1035,1,15.23,15.23,Bronze
2737,1,15.46,15.46,Bronze
309,1,15.8,15.8,Bronze
922,1,16.08,16.08,Bronze
174,1,16.45,16.45,Bronze
1143,1,16.72,16.72,Bronze
2099,1,16.75,16.75,Bronze
2184,1,16.77,16.77,Bronze
777,1,16.8,16.8,Bronze
1540,1,16.85,16.85,Bronze
2630,2,17.14,8.57,Bronze
2222,1,17.7,17.7,Bronze
1840,1,18.4,18.4,Bronze
1468,1,18.61,18.61,Bronze
1236,2,19.04,9.52,Bronze
550,1,19.58,19.58,Bronze
766,1,19.65,19.65,Bronze
33,1,19.71,19.71,Bronze
2084,1,19.71,19.71,Bronze
1708,1,19.81,19.81,Bronze
145,1,20.11,20.11,Bronze
2681,1,20.81,20.81,Bronze
721,1,20.92,20.92,Bronze
1238,1,21.03,21.03,Bronze
1979,1,21.22,21.22,Bronze
258,1,21.33,21.33,Bronze
1291,1,21.51,21.51,Bronze
1654,1,21.88,21.88,Bronze
648,1,22.08,22.08,Bronze
2413,1,22.42,22.42,Bronze
2108,1,23.44,23.44,Bronze
2878,1,23.45,23.45,Bronze
1045,1,23.46,23.46,Bronze
2952,2,23.86,11.93,Bronze
1934,1,24.42,24.42,Bronze
568,2,24.49,12.24,Bronze
2923,1,24.86,24.86,Bronze
1345,1,24.97,24.97,Bronze
2220,1,25.55,25.55,Bronze
1264,1,26.4,26.4,Bronze
1427,1,26.5,26.5,Bronze
1191,1,26.52,26.52,Bronze
801,1,26.78,26.78,Bronze
1121,2,26.86,13.43,Bronze
2577,1,27.26,27.26,Bronze
782,1,27.62,27.62,Bronze
469,1,27.69,27.69,Bronze
151,1,28.22,28.22,Bronze
1517,2,28.81,14.4,Bronze
2981,1,28.87,28.87,Bronze
669,1,28.93,28.93,Bronze
1935,2,28.97,14.49,Bronze
2255,1,29.12,29.12,Bronze
1886,1,29.36,29.36,Bronze
2517,1,29.4,29.4,Bronze
2500,1,29.52,29.52,Bronze
757,1,29.72,29.72,Bronze
2629,2,29.96,14.98,Bronze
1596,1,30.16,30.16,Bronze
1369,1,30.27,30.27,Bronze
1695,1,30.32,30.32,Bronze
1847,1,30.81,30.81,Bronze
533,2,31.16,15.58,Bronze
1917,2,31.44,15.72,Bronze
607,2,31.69,15.84,Bronze
1129,1,31.81,31.81,Bronze
1692,1,31.96,31.96,Bronze
2488,2,32.23,16.12,Bronze
1860,1,32.54,32.54,Bronze
2050,1,33.12,33.12,Bronze
1537,1,33.67,33.67,Bronze
112,2,34.09,17.04,Bronze
1111,1,34.41,34.41,Bronze
2251,2,34.67,17.34,Bronze
1593,1,35.26,35.26,Bronze
627,2,35.27,17.64,Bronze
98,2,35.46,17.73,Bronze
1916,2,35.61,17.8,Bronze
136,1,35.88,35.88,Bronze
694,1,35.88,35.88,Bronze
1612,1,36.28,36.28,Bronze
2298,1,36.55,36.55,Bronze
109,1,36.83,36.83,Bronze
1673,1,36.89,36.89,Bronze
2001,3,37.05,12.35,Bronze
2835,1,37.09,37.09,Bronze
5,2,37.52,18.76,Bronze
1060,1,37.7,37.7,Bronze
943,3,37.81,12.6,Bronze
2175,1,37.97,37.97,Bronze
867,1,38.21,38.21,Bronze
70,1,38.31,38.31,Bronze
2992,1,38.32,38.32,Bronze
2169,1,39.46,39.46,Bronze
2354,2,40.16,20.08,Bronze
1872,1,40.23,40.23,Bronze
2357,2,40.32,20.16,Bronze
361,1,40.68,40.68,Bronze
880,1,41.23,41.23,Bronze
228,3,41.3,13.77,Bronze
1972,1,41.7,41.7,Bronze
1841,2,42.09,21.04,Bronze
296,2,42.34,21.17,Bronze
1906,1,42.82,42.82,Bronze
2575,1,43.14,43.14,Bronze
2993,2,43.21,21.6,Bronze
170,1,43.33,43.33,Bronze
684,1,43.59,43.59,Bronze
1757,1,43.71,43.71,Bronze
981,2,43.76,21.88,Bronze
2716,2,43.82,21.91,Bronze
2645,1,44.18,44.18,Bronze
2803,1,44.32,44.32,Bronze
909,1,44.48,44.48,Bronze
2789,1,44.59,44.59,Bronze
773,3,44.63,14.88,Bronze
1316,1,44.73,44.73,Bronze
2304,1,45.37,45.37,Bronze
1403,1,45.46,45.46,Bronze
651,2,45.61,22.8,Bronze
806,1,45.84,45.84,Bronze
2814,1,46,46,Bronze
1551,1,46.24,46.24,Bronze
410,2,46.46,23.23,Bronze
1714,1,46.48,46.48,Bronze
2437,1,46.52,46.52,Bronze
1281,3,46.68,15.56,Bronze
1268,1,46.9,46.9,Bronze
2334,2,47.11,23.56,Bronze
931,2,47.39,23.7,Bronze
2863,2,47.82,23.91,Bronze
1833,1,47.98,47.98,Bronze
234,2,48.24,24.12,Bronze
1384,1,48.39,48.39,Bronze
1442,2,49.25,24.62,Bronze
1481,1,49.38,49.38,Bronze
425,3,49.4,16.47,Bronze
2352,2,50.06,25.03,Bronze
209,2,50.64,25.32,Bronze
652,1,50.64,50.64,Bronze
197,1,50.71,50.71,Bronze
1022,1,50.95,50.95,Bronze
501,1,50.96,50.96,Bronze
2326,1,51.4,51.4,Bronze
1062,1,51.74,51.74,Bronze
2238,2,51.96,25.98,Bronze
735,2,52.08,26.04,Bronze
2072,1,52.27,52.27,Bronze
1950,2,52.35,26.18,Bronze
2975,1,52.53,52.53,Bronze
1452,2,52.58,26.29,Bronze
46,2,52.82,26.41,Bronze
2484,2,53.31,26.66,Bronze
114,1,53.62,53.62,Bronze
2448,1,53.65,53.65,Bronze
2070,2,53.7,26.85,Bronze
1735,2,54.09,27.04,Bronze
454,2,54.14,27.07,Bronze
2874,2,54.34,27.17,Bronze
1101,1,54.49,54.49,Bronze
222,1,54.51,54.51,Bronze
1183,2,54.78,27.39,Bronze
451,2,54.85,27.42,Bronze
949,1,55.11,55.11,Bronze
736,2,55.21,27.6,Bronze
2528,3,55.28,18.43,Bronze
261,2,55.38,27.69,Bronze
2291,2,55.51,27.76,Bronze
415,2,56,28,Bronze
2378,1,56.36,56.36,Bronze
2092,1,56.76,56.76,Bronze
915,2,56.83,28.42,Bronze
1422,1,57.14,57.14,Bronze
2583,2,57.26,28.63,Bronze
26,2,57.71,28.85,Bronze
1784,1,57.9,57.9,Bronze
2844,2,58.25,29.12,Bronze
2139,1,58.5,58.5,Bronze
220,3,58.74,19.58,Bronze
2961,2,58.77,29.38,Bronze
2693,2,59.12,29.56,Bronze
2520,1,59.4,59.4,Bronze
317,1,60.57,60.57,Bronze
2224,2,60.91,30.46,Bronze
79,3,60.92,20.31,Bronze
2998,1,60.98,60.98,Bronze
1372,3,61.05,20.35,Bronze
709,3,61.14,20.38,Bronze
2715,1,61.33,61.33,Bronze
2311,1,61.38,61.38,Bronze
2795,1,61.88,61.88,Bronze
138,2,62.15,31.08,Bronze
388,2,62.31,31.16,Bronze
473,1,63.11,63.11,Bronze
917,3,63.15,21.05,Bronze
1600,3,63.23,21.08,Bronze
1544,2,63.3,31.65,Bronze
1424,3,63.37,21.12,Bronze
708,3,63.5,21.17,Bronze
2313,2,63.71,31.86,Bronze
1245,2,63.96,31.98,Bronze
587,1,64.38,64.38,Bronze
507,1,64.56,64.56,Bronze
2014,2,64.56,32.28,Bronze
1845,1,64.75,64.75,Bronze
400,2,64.81,32.4,Bronze
543,1,64.92,64.92,Bronze
1515,2,64.92,32.46,Bronze
2193,2,65.41,32.7,Bronze
2600,1,65.62,65.62,Bronze
268,2,65.85,32.92,Bronze
1563,1,66.27,66.27,Bronze
66,2,66.54,33.27,Bronze
59,2,66.58,33.29,Bronze
1007,2,66.69,33.34,Bronze
1819,1,67.39,67.39,Bronze
125,2,67.54,33.77,Bronze
1409,2,68.1,34.05,Bronze
731,2,68.3,34.15,Bronze
486,3,68.32,22.77,Bronze
206,2,68.38,34.19,Bronze
2086,2,68.54,34.27,Bronze
1454,1,68.55,68.55,Bronze
2341,1,68.56,68.56,Bronze
2003,1,69.07,69.07,Bronze
886,3,69.44,23.15,Bronze
2964,2,69.48,34.74,Bronze
1985,2,69.55,34.78,Bronze
2324,2,69.58,34.79,Bronze
1322,2,70.26,35.13,Bronze
894,2,70.41,35.2,Bronze
585,2,70.72,35.36,Bronze
2032,1,71.12,71.12,Bronze
2330,2,71.15,35.58,Bronze
1747,1,71.23,71.23,Bronze
337,2,71.7,35.85,Bronze
497,2,71.99,36,Bronze
1810,2,72,36,Bronze
2269,3,72.28,24.09,Bronze
2823,2,72.6,36.3,Bronze
824,2,72.66,36.33,Bronze
2816,3,72.85,24.28,Bronze
592,3,73.21,24.4,Bronze
1617,1,73.4,73.4,Bronze
2129,1,73.48,73.48,Bronze
1119,2,73.63,36.82,Bronze
122,1,74.18,74.18,Bronze
2426,2,75.04,37.52,Bronze
279,1,75.16,75.16,Bronze
1797,3,75.21,25.07,Bronze
293,3,75.31,25.1,Bronze
1930,2,75.48,37.74,Bronze
289,3,75.55,25.18,Bronze
44,1,75.78,75.78,Bronze
1005,3,76,25.33,Bronze
808,2,76.39,38.2,Bronze
1471,1,76.6,76.6,Bronze
1884,2,76.66,38.33,Bronze
1806,2,76.71,38.36,Bronze
444,2,76.74,38.37,Bronze
3,2,76.76,38.38,Bronze
1762,2,77.22,38.61,Bronze
1558,1,77.68,77.68,Bronze
583,1,78.1,78.1,Bronze
2370,3,78.55,26.18,Bronze
2732,2,78.82,39.41,Bronze
2358,2,78.92,39.46,Bronze
1194,2,78.95,39.48,Bronze
1340,2,79.02,39.51,Bronze
2928,1,79.09,79.09,Bronze
571,2,79.25,39.62,Bronze
2081,1,79.59,79.59,Bronze
2877,1,80.18,80.18,Bronze
2091,2,80.19,40.1,Bronze
2364,2,80.43,40.22,Bronze
1721,1,80.46,80.46,Bronze
2524,3,81.17,27.06,Bronze
204,2,81.24,40.62,Bronze
1691,2,81.24,40.62,Bronze
1615,2,81.38,40.69,Bronze
2319,2,81.98,40.99,Bronze
2239,1,82.15,82.15,Bronze
745,2,82.28,41.14,Bronze
2718,3,82.3,27.43,Bronze
1218,2,82.71,41.36,Bronze
1550,4,82.78,20.7,Bronze
1883,3,82.84,27.61,Bronze
2782,2,83.35,41.68,Bronze
2831,2,83.57,41.78,Bronze
877,3,83.81,27.94,Bronze
1419,2,83.86,41.93,Bronze
987,1,84.02,84.02,Bronze
1958,2,84.29,42.14,Bronze
180,3,84.37,28.12,Bronze
2558,3,84.82,28.27,Bronze
18,1,85.05,85.05,Bronze
1072,1,85.41,85.41,Bronze
2875,1,85.5,85.5,Bronze
462,1,85.52,85.52,Bronze
2458,2,86.19,43.1,Bronze
555,1,86.58,86.58,Bronze
941,2,86.86,43.43,Bronze
2187,2,86.9,43.45,Bronze
2374,3,87.12,29.04,Bronze
1831,3,87.93,29.31,Bronze
983,2,88.22,44.11,Bronze
1832,3,88.4,29.47,Bronze
2679,1,88.65,88.65,Bronze
846,4,89.05,22.26,Bronze
2048,2,89.22,44.61,Bronze
1169,3,89.27,29.76,Bronze
487,2,89.31,44.66,Bronze
1601,2,89.62,44.81,Bronze
603,2,89.99,45,Bronze
2116,1,90.06,90.06,Bronze
1834,3,90.32,30.11,Bronze
1175,2,90.48,45.24,Bronze
412,2,90.81,45.4,Bronze
417,1,91.23,91.23,Bronze
1559,2,91.47,45.74,Bronze
1900,3,91.67,30.56,Bronze
966,2,92.34,46.17,Bronze
2504,2,92.39,46.2,Bronze
200,1,92.84,92.84,Bronze
153,2,93.32,46.66,Bronze
2391,3,93.56,31.19,Bronze
1905,2,93.58,46.79,Bronze
2323,3,93.65,31.22,Bronze
1200,1,93.81,93.81,Bronze
1428,2,94.36,47.18,Bronze
1607,1,94.36,94.36,Bronze
2105,4,94.75,23.69,Bronze
2819,1,94.95,94.95,Bronze
2053,3,95.37,31.79,Bronze
1003,1,95.45,95.45,Bronze
1000,2,95.49,47.74,Bronze
2085,2,95.52,47.76,Bronze
354,2,95.78,47.89,Bronze
1073,2,95.78,47.89,Bronze
707,2,95.87,47.94,Bronze
2869,3,95.89,31.96,Bronze
1963,2,96.12,48.06,Bronze
1156,2,96.81,48.4,Bronze
1975,2,97.19,48.6,Bronze
135,2,97.25,48.62,Bronze
2302,2,97.3,48.65,Bronze
2151,2,97.45,48.72,Bronze
2647,1,97.56,97.56,Bronze
219,2,97.67,48.83,Bronze
2731,3,97.78,32.59,Bronze
2051,3,97.99,32.66,Bronze
2307,3,98.01,32.67,Bronze
324,2,98.19,49.1,Bronze
1303,3,98.3,32.77,Bronze
2300,2,98.3,49.15,Bronze
53,2,98.59,49.3,Bronze
260,1,98.78,98.78,Bronze
2234,1,98.78,98.78,Bronze
683,2,99.07,49.54,Bronze
760,2,99.18,49.59,Bronze
2695,3,99.28,33.09,Bronze
2754,1,99.33,99.33,Bronze
1043,1,99.34,99.34,Bronze
1798,2,99.56,49.78,Bronze
830,2,99.59,49.8,Bronze
348,3,100.07,33.36,Bronze
2058,1,100.17,100.17,Bronze
1353,3,100.25,33.42,Bronze
1242,3,100.45,33.48,Bronze
1567,1,101.65,101.65,Bronze
1535,4,101.66,25.42,Bronze
416,1,101.7,101.7,Bronze
1838,2,101.74,50.87,Bronze
1761,2,101.76,50.88,Bronze
2290,3,101.83,33.94,Bronze
1330,2,101.87,50.94,Bronze
1203,3,101.96,33.99,Bronze
1321,2,102.31,51.16,Bronze
96,1,102.43,102.43,Bronze
2088,2,102.61,51.3,Bronze
1088,1,103.36,103.36,Bronze
2861,2,103.52,51.76,Bronze
2899,1,103.8,103.8,Bronze
1919,2,104.15,52.08,Bronze
1299,2,104.76,52.38,Bronze
1557,3,104.88,34.96,Bronze
2303,2,105.44,52.72,Bronze
2627,3,106.1,35.37,Bronze
1361,2,106.14,53.07,Bronze
1278,2,106.32,53.16,Bronze
475,4,106.63,26.66,Bronze
178,1,106.81,106.81,Bronze
647,2,107.01,53.5,Bronze
30,1,107.18,107.18,Bronze
2194,2,107.37,53.68,Bronze
2226,2,107.45,53.72,Bronze
733,2,108.06,54.03,Bronze
2165,2,108.25,54.12,Bronze
498,2,109.55,54.78,Bronze
1667,2,109.55,54.78,Bronze
693,4,109.77,27.44,Bronze
1343,2,110.16,55.08,Bronze
2767,2,110.6,55.3,Bronze
924,2,110.66,55.33,Bronze
1025,1,110.76,110.76,Bronze
1042,2,110.82,55.41,Bronze
2553,4,111.1,27.78,Bronze
2343,1,111.35,111.35,Bronze
294,2,111.51,55.76,Bronze
1993,1,112.26,112.26,Bronze
1753,2,112.4,56.2,Bronze
1348,4,112.54,28.14,Bronze
1676,3,112.82,37.61,Bronze
1555,2,113.08,56.54,Bronze
1209,1,113.29,113.29,Bronze
712,2,113.43,56.72,Bronze
320,3,113.65,37.88,Bronze
2256,2,113.77,56.88,Bronze
1973,3,114.39,38.13,Bronze
1455,1,114.4,114.4,Bronze
1923,2,114.58,57.29,Bronze
2828,2,114.77,57.39,Bronze
2996,2,114.77,57.38,Bronze
2293,1,115.08,115.08,Bronze
2019,1,115.17,115.17,Bronze
355,1,115.89,115.89,Bronze
2115,1,116.36,116.36,Bronze
1145,2,116.66,58.33,Bronze
1880,2,117.35,58.68,Bronze
539,1,117.76,117.76,Bronze
2710,2,118.09,59.04,Bronze
2527,3,118.35,39.45,Bronze
797,3,118.71,39.57,Bronze
1382,4,118.79,29.7,Bronze
2855,3,119.07,39.69,Bronze
1783,3,119.29,39.76,Bronze
2117,3,119.42,39.81,Bronze
682,5,119.72,23.94,Bronze
2603,3,119.83,39.94,Bronze
2376,3,119.87,39.96,Bronze
2190,1,119.88,119.88,Bronze
85,3,120.29,40.1,Bronze
1214,2,120.33,60.16,Bronze
2971,1,120.55,120.55,Bronze
1370,2,120.83,60.42,Bronze
2113,2,121.13,60.56,Bronze
1871,3,121.14,40.38,Bronze
1380,3,121.16,40.39,Bronze
1878,2,121.27,60.64,Bronze
762,1,121.48,121.48,Bronze
666,3,121.62,40.54,Bronze
1401,2,121.8,60.9,Bronze
2616,1,122.31,122.31,Bronze
13,3,122.39,40.8,Bronze
938,1,122.96,122.96,Bronze
2793,1,123.04,123.04,Bronze
1193,2,123.17,61.59,Bronze
2485,1,123.23,123.23,Bronze
2111,1,123.3,123.3,Bronze
1387,4,123.66,30.92,Bronze
807,2,123.75,61.88,Bronze
2397,1,123.8,123.8,Bronze
2755,1,123.99,123.99,Bronze
1300,4,124.1,31.02,Bronze
2815,4,125.25,31.31,Bronze
1488,2,125.36,62.68,Bronze
2305,1,125.38,125.38,Bronze
1247,3,125.43,41.81,Bronze
120,1,126.18,126.18,Bronze
1064,2,126.19,63.1,Bronze
2425,3,126.72,42.24,Bronze
1521,4,127.15,31.79,Bronze
1061,1,127.28,127.28,Bronze
2689,1,128.03,128.03,Bronze
2632,2,128.05,64.03,Bronze
1859,2,128.47,64.24,Bronze
2342,4,128.49,32.12,Bronze
2847,2,128.76,64.38,Bronze
1649,2,129.23,64.61,Bronze
24,1,129.33,129.33,Bronze
1039,2,129.52,64.76,Bronze
593,3,129.59,43.2,Bronze
2982,3,129.7,43.23,Bronze
71,2,129.91,64.96,Bronze
282,2,130.55,65.28,Bronze
504,2,130.59,65.3,Bronze
2024,1,131.28,131.28,Bronze
2702,2,131.48,65.74,Bronze
2756,2,131.64,65.82,Bronze
1713,3,131.67,43.89,Bronze
1351,2,131.77,65.89,Bronze
1383,2,131.83,65.92,Bronze
1213,4,132.47,33.12,Bronze
1751,3,132.52,44.17,Bronze
775,1,132.6,132.6,Bronze
908,2,132.99,66.5,Bronze
2634,1,133.12,133.12,Bronze
509,2,134.69,67.34,Bronze
826,4,134.83,33.71,Bronze
478,4,135.75,33.94,Bronze
1177,3,135.82,45.27,Bronze
1315,3,136.45,45.48,Bronze
836,3,136.87,45.62,Bronze
127,3,137.13,45.71,Bronze
511,2,137.41,68.7,Bronze
158,1,137.51,137.51,Bronze
2895,2,137.96,68.98,Bronze
1332,3,138.06,46.02,Bronze
2889,3,138.21,46.07,Bronze
334,1,138.3,138.3,Bronze
803,2,138.41,69.2,Bronze
1996,3,138.8,46.27,Bronze
911,3,139.57,46.52,Bronze
312,1,139.67,139.67,Bronze
2333,3,139.7,46.57,Bronze
1780,4,140.09,35.02,Bronze
2747,3,140.3,46.77,Bronze
482,2,140.68,70.34,Bronze
1477,1,141,141,Bronze
2852,4,141.05,35.26,Bronze
2690,2,141.26,70.63,Bronze
2035,1,141.55,141.55,Bronze
672,3,141.86,47.29,Bronze
2664,1,141.94,141.94,Bronze
418,3,142,47.33,Bronze
804,3,142.03,47.34,Bronze
930,4,142.03,35.51,Bronze
2501,5,142.21,28.44,Bronze
1763,2,142.52,71.26,Bronze
27,1,143.4,143.4,Bronze
1949,4,143.59,35.9,Bronze
2250,2,143.75,71.88,Bronze
1965,2,143.85,71.93,Bronze
1021,2,144.27,72.14,Bronze
421,4,144.84,36.21,Bronze
972,2,145.16,72.58,Bronze
1458,2,145.43,72.72,Bronze
477,3,145.44,48.48,Bronze
2983,1,145.48,145.48,Bronze
305,2,145.53,72.76,Bronze
1124,1,145.66,145.66,Bronze
815,3,145.93,48.64,Bronze
872,4,146.07,36.52,Bronze
1785,2,146.14,73.07,Bronze
2534,3,146.37,48.79,Bronze
764,3,146.4,48.8,Bronze
1034,2,146.46,73.23,Bronze
2389,1,146.48,146.48,Bronze
1430,2,146.51,73.26,Bronze
2934,4,146.51,36.63,Bronze
591,2,146.53,73.26,Bronze
1732,4,146.78,36.7,Bronze
1576,2,146.79,73.4,Bronze
1311,3,147.09,49.03,Bronze
2394,2,147.56,73.78,Bronze
2857,3,147.72,49.24,Bronze
2794,3,147.78,49.26,Bronze
2403,1,147.93,147.93,Bronze
1598,4,148.03,37.01,Bronze
2881,5,148.38,29.68,Bronze
1084,4,148.52,37.13,Bronze
656,1,148.54,148.54,Bronze
1202,3,148.58,49.53,Bronze
459,2,148.61,74.31,Bronze
2062,3,148.92,49.64,Bronze
1697,2,149,74.5,Bronze
2182,3,149.4,49.8,Bronze
374,2,149.54,74.77,Bronze
837,2,149.71,74.85,Bronze
752,2,149.8,74.9,Bronze
1922,2,149.91,74.96,Bronze
842,2,150.15,75.08,Bronze
1487,3,150.39,50.13,Bronze
211,1,150.74,150.74,Bronze
1664,3,150.91,50.3,Bronze
247,2,151,75.5,Bronze
203,4,151.5,37.88,Bronze
554,1,152,152,Bronze
1356,3,152.18,50.73,Bronze
1755,3,152.66,50.89,Bronze
1441,3,152.77,50.92,Bronze
265,5,152.89,30.58,Bronze
863,3,153.18,51.06,Bronze
1926,3,153.96,51.32,Bronze
692,2,154.06,77.03,Bronze
1533,3,154.46,51.49,Bronze
1269,2,154.59,77.3,Bronze
306,3,154.93,51.64,Bronze
1421,2,155.12,77.56,Bronze
2030,1,155.14,155.14,Bronze
1609,1,155.19,155.19,Bronze
1260,4,155.56,38.89,Bronze
2777,2,155.69,77.84,Bronze
2351,4,155.93,38.98,Bronze
2581,3,156.59,52.2,Bronze
1113,3,157.13,52.38,Bronze
56,4,157.88,39.47,Bronze
208,4,158.14,39.53,Bronze
953,2,158.25,79.12,Bronze
2703,2,158.66,79.33,Bronze
2460,3,159,53,Bronze
854,2,159.78,79.89,Bronze
2150,2,159.92,79.96,Bronze
1267,2,160.17,80.09,Bronze
1393,4,160.37,40.09,Bronze
2235,2,160.51,80.26,Bronze
1473,2,160.74,80.37,Bronze
2589,2,162.62,81.31,Bronze
2865,3,162.73,54.24,Bronze
614,2,162.79,81.4,Bronze
1512,3,163.02,54.34,Bronze
2063,5,163.12,32.62,Bronze
2938,1,163.17,163.17,Bronze
2142,2,163.48,81.74,Bronze
1453,2,163.91,81.96,Bronze
2461,3,163.93,54.64,Bronze
2635,2,163.99,82,Bronze
1875,3,164.4,54.8,Bronze
1519,3,165.11,55.04,Bronze
2056,2,165.63,82.82,Bronze
1109,2,165.98,82.99,Bronze
2471,3,166.47,55.49,Bronze
2482,2,166.72,83.36,Bronze
147,3,166.78,55.59,Bronze
395,3,166.79,55.6,Bronze
1104,2,167.65,83.82,Bronze
2560,2,167.65,83.82,Bronze
1457,3,167.99,56,Bronze
882,1,168.19,168.19,Bronze
834,2,168.9,84.45,Bronze
1053,3,168.98,56.33,Bronze
1324,2,169.74,84.87,Bronze
1787,2,169.82,84.91,Bronze
1398,3,170.05,56.68,Bronze
1968,2,170.06,85.03,Bronze
2699,1,170.2,170.2,Bronze
1077,4,170.39,42.6,Bronze
123,5,170.44,34.09,Bronze
2146,2,170.71,85.36,Bronze
579,3,170.72,56.91,Bronze
2619,3,170.86,56.95,Bronze
45,4,171.01,42.75,Bronze
7,1,171.12,171.12,Bronze
2047,5,171.27,34.25,Bronze
1991,2,171.42,85.71,Bronze
1946,2,171.69,85.84,Bronze
2076,2,171.86,85.93,Bronze
1006,2,172.95,86.48,Bronze
609,3,173.06,57.69,Bronze
2371,2,173.33,86.66,Bronze
812,1,173.4,173.4,Bronze
2100,3,173.59,57.86,Bronze
2329,2,173.68,86.84,Bronze
1451,3,174.07,58.02,Bronze
2580,3,175.1,58.37,Bronze
1913,2,175.13,87.56,Bronze
74,1,175.3,175.3,Bronze
2574,1,175.95,175.95,Bronze
1141,5,176.02,35.2,Bronze
781,4,176.13,44.03,Bronze
184,2,176.35,88.18,Bronze
2537,2,177.31,88.66,Bronze
679,3,177.49,59.16,Bronze
449,3,177.99,59.33,Bronze
481,5,178.03,35.61,Bronze
1818,2,178.35,89.18,Bronze
1431,3,178.4,59.47,Bronze
841,3,178.56,59.52,Bronze
654,3,178.95,59.65,Bronze
2729,2,179.26,89.63,Bronze
2547,5,179.62,35.92,Bronze
2279,4,179.7,44.92,Bronze
1475,3,179.74,59.91,Bronze
2649,2,179.8,89.9,Bronze
201,3,179.87,59.96,Bronze
1033,3,180.22,60.07,Bronze
2943,3,180.46,60.15,Bronze
63,3,182.29,60.76,Bronze
430,1,183.1,183.1,Bronze
1668,3,183.22,61.07,Bronze
2478,2,183.22,91.61,Bronze
1418,4,183.4,45.85,Bronze
1581,2,184.23,92.12,Bronze
1385,4,184.68,46.17,Bronze
1656,2,184.72,92.36,Bronze
1792,2,184.75,92.38,Bronze
1287,1,184.87,184.87,Bronze
2604,2,184.89,92.44,Bronze
248,1,184.91,184.91,Bronze
625,1,184.94,184.94,Bronze
2327,2,185.06,92.53,Bronze
446,3,185.07,61.69,Bronze
186,1,185.56,185.56,Bronze
865,2,185.75,92.88,Bronze
2926,2,185.86,92.93,Bronze
2930,2,186.07,93.04,Bronze
10,5,186.77,37.35,Bronze
2479,3,187.84,62.61,Bronze
1623,3,188.05,62.68,Bronze
1166,1,188.39,188.39,Bronze
2118,2,188.78,94.39,Bronze
2626,3,189.2,63.07,Bronze
2440,1,189.33,189.33,Bronze
102,2,189.84,94.92,Bronze
1126,3,189.99,63.33,Bronze
1174,4,190.02,47.5,Bronze
1807,4,190.15,47.54,Bronze
576,2,190.19,95.1,Bronze
661,4,190.3,47.58,Bronze
2674,1,190.45,190.45,Bronze
1543,3,190.6,63.53,Bronze
927,3,190.79,63.6,Bronze
1957,4,191.6,47.9,Bronze
2233,2,191.79,95.9,Bronze
2512,5,191.86,38.37,Bronze
1344,3,191.87,63.96,Bronze
61,5,192.05,38.41,Bronze
2381,2,192.48,96.24,Bronze
926,3,192.56,64.19,Bronze
438,3,193.94,64.65,Bronze
1208,3,194,64.67,Bronze
705,2,194.19,97.1,Bronze
2763,3,194.23,64.74,Bronze
2900,3,195.12,65.04,Bronze
2423,1,195.45,195.45,Bronze
1890,3,195.82,65.27,Bronze
2445,5,195.97,39.19,Bronze
1426,3,196.07,65.36,Bronze
1404,4,196.18,49.04,Bronze
811,3,196.39,65.46,Bronze
2143,3,196.78,65.59,Bronze
617,5,197.1,39.42,Bronze
2252,3,197.24,65.75,Bronze
2174,4,197.33,49.33,Bronze
2294,2,197.4,98.7,Bronze
1644,2,197.72,98.86,Bronze
1359,5,197.76,39.55,Bronze
1614,2,197.97,98.98,Bronze
1246,2,198.26,99.13,Bronze
598,5,198.27,39.65,Bronze
157,2,198.6,99.3,Bronze
809,3,199.1,66.37,Bronze
474,3,199.16,66.39,Bronze
1399,3,199.25,66.42,Bronze
447,7,199.54,28.51,Bronze
2945,3,199.86,66.62,Bronze
424,2,200.1,100.05,Bronze
980,3,200.32,66.77,Bronze
2277,4,201.17,50.29,Bronze
1044,6,201.48,33.58,Bronze
286,4,201.72,50.43,Bronze
690,6,201.83,33.64,Bronze
866,4,201.99,50.5,Bronze
246,1,202.02,202.02,Bronze
522,3,202.19,67.4,Bronze
2898,4,202.35,50.59,Bronze
49,5,202.81,40.56,Bronze
457,5,202.87,40.57,Bronze
1002,4,202.91,50.73,Bronze
2742,4,202.98,50.74,Bronze
638,3,202.99,67.66,Bronze
1703,4,203.31,50.83,Bronze
696,1,203.67,203.67,Bronze
403,3,204.12,68.04,Bronze
106,4,204.32,51.08,Bronze
2565,2,204.45,102.22,Bronze
38,3,204.7,68.23,Bronze
796,3,205.11,68.37,Bronze
2022,3,205.27,68.42,Bronze
786,1,205.28,205.28,Bronze
743,2,205.33,102.66,Bronze
995,2,205.57,102.78,Bronze
1482,4,206.09,51.52,Bronze
2599,3,206.22,68.74,Bronze
1146,2,206.53,103.26,Bronze
2860,2,206.74,103.37,Bronze
1187,2,207.81,103.9,Bronze
1749,3,208.54,69.51,Bronze
2958,2,208.82,104.41,Bronze
2328,4,209.33,52.33,Bronze
2309,5,209.34,41.87,Bronze
2078,2,209.62,104.81,Bronze
461,4,209.68,52.42,Bronze
2107,4,209.7,52.42,Bronze
1976,2,209.75,104.88,Bronze
2856,1,209.76,209.76,Bronze
1008,3,209.84,69.95,Bronze
888,2,210.17,105.08,Bronze
600,2,210.2,105.1,Bronze
132,2,210.3,105.15,Bronze
697,2,210.37,105.18,Bronze
948,6,210.38,35.06,Bronze
1179,2,210.66,105.33,Bronze
411,1,210.81,210.81,Bronze
297,2,210.99,105.49,Bronze
1226,2,211.08,105.54,Bronze
659,4,211.15,52.79,Bronze
1114,2,211.36,105.68,Bronze
2820,3,211.4,70.47,Bronze
1642,5,211.67,42.33,Bronze
2036,4,211.91,52.98,Bronze
1013,4,212.22,53.06,Bronze
230,2,212.48,106.24,Bronze
1181,2,212.6,106.3,Bronze
2292,2,212.73,106.36,Bronze
631,3,212.89,70.96,Bronze
1018,3,213.42,71.14,Bronze
747,2,213.8,106.9,Bronze
1599,4,214.66,53.66,Bronze
314,5,214.7,42.94,Bronze
2363,4,214.74,53.68,Bronze
1874,4,214.89,53.72,Bronze
1801,1,215.05,215.05,Bronze
2788,1,215.16,215.16,Bronze
1776,1,215.38,215.38,Bronze
2810,4,215.55,53.89,Bronze
452,3,215.65,71.88,Bronze
2973,5,216.7,43.34,Bronze
715,3,217.46,72.49,Bronze
2644,2,217.46,108.73,Bronze
1312,5,217.5,43.5,Bronze
2196,1,217.78,217.78,Bronze
1464,3,218.07,72.69,Bronze
997,3,218.1,72.7,Bronze
2546,2,218.12,109.06,Bronze
767,2,219.19,109.6,Bronze
2431,4,219.56,54.89,Bronze
450,3,219.99,73.33,Bronze
2761,3,219.99,73.33,Bronze
1516,4,220.06,55.02,Bronze
335,2,220.14,110.07,Bronze
2640,2,220.54,110.27,Bronze
2130,2,220.77,110.38,Bronze
2481,2,220.85,110.42,Bronze
2705,3,221.29,73.76,Bronze
2822,2,221.36,110.68,Bronze
1745,1,221.6,221.6,Bronze
1030,4,222.19,55.55,Bronze
441,3,222.43,74.14,Bronze
2185,2,222.49,111.24,Bronze
1701,3,222.95,74.32,Bronze
1004,2,223.13,111.56,Bronze
2728,2,224.48,112.24,Bronze
1406,2,224.99,112.5,Bronze
2510,3,225.07,75.02,Bronze
545,2,225.17,112.58,Bronze
370,3,225.74,75.25,Bronze
2912,3,225.88,75.29,Bronze
455,5,225.96,45.19,Bronze
1056,1,226.24,226.24,Bronze
548,2,226.3,113.15,Bronze
1364,5,226.38,45.28,Bronze
1400,3,227.02,75.67,Bronze
2237,3,227.06,75.69,Bronze
2840,2,227.37,113.68,Bronze
95,2,227.49,113.74,Bronze
2798,3,227.9,75.97,Bronze
689,6,227.94,37.99,Bronze
678,3,228.13,76.04,Bronze
479,2,228.37,114.18,Bronze
14,4,228.59,57.15,Bronze
1862,2,229.53,114.76,Bronze
1098,2,229.78,114.89,Bronze
194,5,230.37,46.07,Bronze
2873,4,230.37,57.59,Bronze
784,4,230.46,57.62,Bronze
2569,3,230.89,76.96,Bronze
2205,4,231.92,57.98,Bronze
2968,3,232.4,77.47,Bronze
1438,2,232.54,116.27,Bronze
898,3,232.59,77.53,Bronze
1592,3,232.63,77.54,Bronze
1570,2,233.12,116.56,Bronze
903,3,233.41,77.8,Bronze
490,5,233.68,46.74,Bronze
2585,4,233.7,58.42,Bronze
110,4,234.43,58.61,Bronze
1903,2,234.7,117.35,Bronze
1853,2,234.89,117.44,Bronze
1518,4,235.01,58.75,Bronze
1509,3,235.04,78.35,Bronze
1059,4,235.11,58.78,Bronze
1505,3,235.49,78.5,Bronze
156,4,235.69,58.92,Bronze
1571,3,236.04,78.68,Bronze
2379,4,236.25,59.06,Bronze
1341,2,237.16,118.58,Bronze
2976,5,237.37,47.47,Bronze
1885,4,237.74,59.44,Bronze
2751,4,237.86,59.46,Bronze
847,2,238.53,119.26,Bronze
1727,3,238.79,79.6,Bronze
1702,4,238.87,59.72,Bronze
2974,5,239.13,47.83,Bronze
1629,3,239.47,79.82,Bronze
1051,2,239.62,119.81,Bronze
779,4,240.38,60.1,Bronze
1726,2,240.45,120.22,Bronze
2258,5,240.5,48.1,Bronze
727,4,240.78,60.19,Bronze
2698,2,241.04,120.52,Bronze
2675,4,241.12,60.28,Bronze
1549,4,241.76,60.44,Bronze
233,3,242.06,80.69,Bronze
1280,4,242.4,60.6,Bronze
1738,3,242.51,80.84,Bronze
2109,2,242.55,121.28,Bronze
31,3,242.65,80.88,Bronze
912,2,242.71,121.35,Bronze
1198,2,243.27,121.64,Bronze
2726,4,243.28,60.82,Bronze
2473,5,243.29,48.66,Bronze
298,1,244.1,244.1,Bronze
2021,3,244.44,81.48,Bronze
873,4,245.38,61.34,Bronze
851,3,246.18,82.06,Bronze
2373,4,246.45,61.61,Bronze
606,2,246.87,123.44,Bronze
1982,3,246.87,82.29,Bronze
636,1,247.21,247.21,Bronze
1257,5,247.38,49.48,Bronze
2167,3,247.44,82.48,Bronze
1825,4,247.85,61.96,Bronze
1652,2,247.87,123.94,Bronze
2395,3,247.96,82.65,Bronze
1274,3,248.07,82.69,Bronze
750,2,248.1,124.05,Bronze
1635,3,248.41,82.8,Bronze
2686,2,248.6,124.3,Bronze
1413,3,248.8,82.93,Bronze
761,3,249.4,83.13,Bronze
1074,3,250.59,83.53,Bronze
2922,1,250.79,250.79,Bronze
635,2,251.3,125.65,Bronze
419,3,252.43,84.14,Bronze
2006,2,252.83,126.42,Bronze
2549,3,252.89,84.3,Bronze
434,5,253.06,50.61,Bronze
2241,3,253.2,84.4,Bronze
392,5,253.45,50.69,Bronze
2970,3,253.9,84.63,Bronze
1573,5,254.16,50.83,Bronze
78,3,254.59,84.86,Bronze
1186,3,255.06,85.02,Bronze
789,3,255.07,85.02,Bronze
493,6,255.29,42.55,Bronze
69,5,255.48,51.1,Bronze
2160,4,255.69,63.92,Bronze
17,3,256.06,85.35,Bronze
2611,2,256.45,128.23,Bronze
1028,1,256.46,256.46,Bronze
2490,4,257.16,64.29,Bronze
2880,3,257.57,85.86,Bronze
828,2,257.91,128.96,Bronze
92,4,258.65,64.66,Bronze
1225,3,259.32,86.44,Bronze
2759,3,259.37,86.46,Bronze
1069,1,259.99,259.99,Bronze
970,4,260,65,Bronze
1335,2,260,130,Bronze
1507,4,260.65,65.16,Bronze
2016,2,260.86,130.43,Bronze
1621,2,261.73,130.86,Bronze
1655,3,261.84,87.28,Bronze
2688,3,262.55,87.52,Bronze
165,5,262.63,52.53,Bronze
366,4,262.83,65.71,Bronze
2023,2,263.19,131.6,Bronze
536,3,263.86,87.95,Bronze
1375,1,263.87,263.87,Bronze
378,4,264.04,66.01,Bronze
2750,4,264.71,66.18,Bronze
1396,4,264.95,66.24,Bronze
2908,3,265.48,88.49,Bronze
2516,2,266.29,133.14,Bronze
769,4,266.35,66.59,Bronze
35,5,266.38,53.28,Bronze
65,4,266.39,66.6,Bronze
126,5,266.74,53.35,Bronze
2859,1,266.82,266.82,Bronze
1687,4,267.04,66.76,Bronze
360,6,267.84,44.64,Bronze
164,4,268.17,67.04,Bronze
2176,3,268.96,89.65,Bronze
954,3,269.43,89.81,Bronze
2207,3,269.48,89.83,Bronze
2799,4,269.59,67.4,Bronze
624,3,269.68,89.89,Bronze
2513,3,270.1,90.03,Bronze
861,2,270.32,135.16,Bronze
2989,2,270.38,135.19,Bronze
896,3,270.39,90.13,Bronze
358,3,270.42,90.14,Bronze
1432,2,270.77,135.38,Bronze
323,2,271.03,135.52,Bronze
2540,3,271.32,90.44,Bronze
2285,4,271.93,67.98,Bronze
188,3,272.35,90.78,Bronze
2766,4,272.67,68.17,Bronze
169,3,273.09,91.03,Bronze
2385,3,273.19,91.06,Bronze
2096,2,273.96,136.98,Bronze
2529,2,274.53,137.27,Bronze
168,3,274.72,91.57,Bronze
1205,4,274.84,68.71,Bronze
2287,4,275.2,68.8,Bronze
1641,4,275.73,68.93,Bronze
2997,2,275.78,137.89,Bronze
217,4,276.09,69.02,Bronze
756,2,276.12,138.06,Bronze
1019,2,276.39,138.2,Bronze
2134,2,276.94,138.47,Bronze
331,3,277.35,92.45,Bronze
1786,2,278.12,139.06,Bronze
523,3,278.24,92.75,Bronze
167,2,278.47,139.23,Bronze
1870,5,278.8,55.76,Bronze
47,3,278.95,92.98,Bronze
2271,1,279.5,279.5,Bronze
2147,5,279.51,55.9,Bronze
1055,3,279.93,93.31,Bronze
2514,4,280.27,70.07,Bronze
2833,5,281.13,56.23,Bronze
2753,2,281.34,140.67,Bronze
244,2,281.64,140.82,Bronze
1680,2,281.73,140.86,Bronze
427,3,282.44,94.15,Bronze
1584,3,282.5,94.17,Bronze
2355,3,282.73,94.24,Bronze
1514,1,282.74,282.74,Bronze
1866,4,283.05,70.76,Bronze
1414,2,283.24,141.62,Bronze
212,2,283.42,141.71,Bronze
699,4,283.54,70.88,Bronze
1371,2,283.7,141.85,Bronze
2550,4,283.75,70.94,Bronze
1799,4,284.82,71.2,Bronze
448,2,285.2,142.6,Bronze
2089,2,285.47,142.73,Bronze
2453,3,285.49,95.16,Bronze
939,5,285.64,57.13,Bronze
1063,6,285.71,47.62,Bronze
1182,2,285.71,142.85,Bronze
1815,3,286.01,95.34,Bronze
1420,3,286.5,95.5,Bronze
1050,3,286.95,95.65,Bronze
1010,3,287.24,95.75,Bronze
1520,4,288.7,72.18,Bronze
1001,3,288.98,96.33,Bronze
340,5,289.15,57.83,Bronze
364,3,289.89,96.63,Bronze
1405,2,290.02,145.01,Bronze
1892,1,290.12,290.12,Bronze
2817,2,290.38,145.19,Bronze
433,4,290.96,72.74,Bronze
876,4,291.35,72.84,Bronze
2642,4,291.66,72.91,Bronze
2841,3,291.88,97.29,Bronze
2404,5,292.25,58.45,Bronze
2957,5,292.26,58.45,Bronze
1547,4,293.05,73.26,Bronze
1704,1,293.12,293.12,Bronze
2491,2,293.24,146.62,Bronze
1835,5,293.39,58.68,Bronze
2090,4,293.42,73.36,Bronze
1224,4,293.88,73.47,Bronze
859,3,293.99,98,Bronze
1429,4,294.19,73.55,Bronze
2848,3,294.21,98.07,Bronze
1308,4,294.3,73.57,Bronze
853,3,294.44,98.15,Bronze
333,3,294.7,98.23,Bronze
2907,5,294.74,58.95,Bronze
1323,1,295.59,295.59,Bronze
2299,3,295.72,98.57,Bronze
308,4,296.85,74.21,Bronze
2396,4,298.06,74.52,Bronze
590,1,298.24,298.24,Bronze
1173,4,298.49,74.62,Bronze
2779,2,298.59,149.3,Bronze
800,4,299.21,74.8,Bronze
1670,2,299.59,149.8,Bronze
488,3,299.84,99.95,Bronze
1389,4,300.4,75.1,Bronze
1971,2,300.66,150.33,Bronze
1686,2,300.68,150.34,Bronze
269,3,301.11,100.37,Bronze
310,3,301.4,100.47,Bronze
2917,2,301.62,150.81,Bronze
243,3,301.84,100.61,Bronze
1339,1,302.01,302.01,Bronze
2837,3,302.16,100.72,Bronze
2571,3,302.32,100.77,Bronze
2424,5,302.45,60.49,Bronze
2692,2,303.02,151.51,Bronze
641,4,303.04,75.76,Bronze
1694,5,303.25,60.65,Bronze
1632,4,303.3,75.82,Bronze
514,3,303.5,101.17,Bronze
875,3,303.52,101.17,Bronze
2986,5,303.79,60.76,Bronze
1678,3,303.96,101.32,Bronze
2040,3,304.25,101.42,Bronze
288,3,304.33,101.44,Bronze
1195,3,304.56,101.52,Bronze
2074,5,304.56,60.91,Bronze
2367,1,305.13,305.13,Bronze
2920,4,305.35,76.34,Bronze
1961,6,305.38,50.9,Bronze
50,3,305.49,101.83,Bronze
1170,3,305.6,101.87,Bronze
2171,4,305.84,76.46,Bronze
2029,4,305.88,76.47,Bronze
2762,5,307.67,61.53,Bronze
51,4,307.7,76.92,Bronze
1796,3,307.95,102.65,Bronze
2231,4,308.3,77.08,Bronze
1613,4,308.51,77.13,Bronze
754,5,308.64,61.73,Bronze
253,2,308.87,154.44,Bronze
1248,3,309.12,103.04,Bronze
2770,2,309.36,154.68,Bronze
551,4,309.63,77.41,Silver
404,4,309.8,77.45,Silver
1230,3,309.87,103.29,Silver
664,3,310,103.33,Silver
281,4,310.4,77.6,Silver
1814,3,310.82,103.61,Silver
1304,2,311.15,155.57,Silver
426,4,311.33,77.83,Silver
2068,2,311.55,155.78,Silver
1828,6,312.11,52.02,Silver
1997,7,312.93,44.7,Silver
1789,3,313.03,104.34,Silver
413,3,313.23,104.41,Silver
2365,4,313.36,78.34,Silver
2806,4,313.73,78.43,Silver
1648,2,313.79,156.9,Silver
2422,2,313.9,156.95,Silver
744,3,314.02,104.67,Silver
1788,4,314.14,78.54,Silver
787,3,314.15,104.72,Silver
1075,4,314.24,78.56,Silver
2013,2,314.55,157.28,Silver
1826,3,315.25,105.08,Silver
301,3,315.28,105.09,Silver
1634,4,315.38,78.84,Silver
749,3,315.6,105.2,Silver
558,2,315.85,157.92,Silver
2826,3,316.36,105.45,Silver
541,4,316.97,79.24,Silver
2265,5,317.25,63.45,Silver
2556,4,317.36,79.34,Silver
2951,4,317.39,79.35,Silver
776,4,317.5,79.38,Silver
1766,1,317.52,317.52,Silver
746,3,318.07,106.02,Silver
1770,2,318.2,159.1,Silver
1220,3,318.32,106.11,Silver
1265,3,318.37,106.12,Silver
508,5,318.96,63.79,Silver
2199,4,318.97,79.74,Silver
1026,2,319.11,159.56,Silver
274,4,319.46,79.86,Silver
2270,3,319.6,106.53,Silver
1967,2,320.08,160.04,Silver
414,2,320.15,160.08,Silver
1795,4,320.86,80.22,Silver
2927,3,321.96,107.32,Silver
1716,5,322.07,64.41,Silver
445,4,322.29,80.57,Silver
2521,2,322.51,161.26,Silver
1844,2,322.63,161.32,Silver
1775,4,322.94,80.74,Silver
2200,3,323.47,107.82,Silver
2771,2,323.86,161.93,Silver
1301,2,324.15,162.07,Silver
291,1,324.26,324.26,Silver
1718,4,324.31,81.08,Silver
2636,6,324.33,54.06,Silver
969,5,325.02,65,Silver
256,4,325.4,81.35,Silver
1314,5,325.54,65.11,Silver
1497,4,325.59,81.4,Silver
602,3,325.83,108.61,Silver
935,2,325.99,163,Silver
215,2,326.67,163.34,Silver
173,3,327.67,109.22,Silver
1336,2,328.18,164.09,Silver
723,3,328.43,109.48,Silver
1355,4,328.97,82.24,Silver
2579,2,329.4,164.7,Silver
1228,3,329.46,109.82,Silver
1081,5,329.71,65.94,Silver
77,2,330.17,165.08,Silver
2123,4,330.18,82.54,Silver
2807,4,330.23,82.56,Silver
1640,3,330.72,110.24,Silver
1279,3,330.81,110.27,Silver
1207,3,330.99,110.33,Silver
567,5,331.38,66.28,Silver
1728,3,331.47,110.49,Silver
2005,4,331.54,82.88,Silver
2104,4,331.61,82.9,Silver
1954,3,332,110.67,Silver
2020,3,333.22,111.07,Silver
492,2,333.28,166.64,Silver
838,5,333.47,66.69,Silver
1289,2,333.65,166.82,Silver
2264,5,333.69,66.74,Silver
2454,1,333.97,333.97,Silver
975,5,334.2,66.84,Silver
1466,4,334.47,83.62,Silver
60,3,334.87,111.62,Silver
325,2,335.42,167.71,Silver
2214,3,335.45,111.82,Silver
630,4,336.15,84.04,Silver
2320,2,336.4,168.2,Silver
2110,3,336.59,112.2,Silver
2201,2,337.08,168.54,Silver
2590,2,337.67,168.83,Silver
2384,4,337.87,84.47,Silver
788,4,338.42,84.6,Silver
385,2,338.51,169.26,Silver
556,6,338.62,56.44,Silver
2179,3,338.71,112.9,Silver
140,3,338.93,112.98,Silver
968,3,339.04,113.01,Silver
2388,3,339.44,113.15,Silver
1435,3,339.69,113.23,Silver
1222,4,339.83,84.96,Silver
134,4,340.02,85,Silver
2152,4,340.09,85.02,Silver
2192,2,340.33,170.16,Silver
2864,4,340.6,85.15,Silver
1627,1,340.63,340.63,Silver
1685,2,340.68,170.34,Silver
159,3,340.7,113.57,Silver
814,4,341.1,85.28,Silver
2010,2,341.22,170.61,Silver
2366,4,341.44,85.36,Silver
1295,4,341.76,85.44,Silver
1842,2,341.88,170.94,Silver
2667,3,341.93,113.98,Silver
440,1,342.28,342.28,Silver
2178,2,342.67,171.34,Silver
783,3,342.82,114.27,Silver
1180,6,342.99,57.16,Silver
2054,3,343.16,114.39,Silver
189,3,343.3,114.43,Silver
1722,3,343.3,114.43,Silver
2447,2,343.4,171.7,Silver
2286,4,343.55,85.89,Silver
2443,4,343.73,85.93,Silver
820,6,343.88,57.31,Silver
1107,2,344.19,172.1,Silver
2724,4,344.31,86.08,Silver
1362,2,344.46,172.23,Silver
1410,4,344.46,86.12,Silver
1887,2,345.26,172.63,Silver
2066,2,345.36,172.68,Silver
971,2,345.9,172.95,Silver
2953,3,345.99,115.33,Silver
2438,4,346.04,86.51,Silver
748,2,346.33,173.16,Silver
639,3,347.36,115.79,Silver
573,5,348.32,69.66,Silver
500,4,348.98,87.24,Silver
2348,2,349.35,174.68,Silver
717,4,349.52,87.38,Silver
1164,2,349.61,174.8,Silver
1582,5,349.7,69.94,Silver
1306,4,349.8,87.45,Silver
213,3,349.96,116.65,Silver
303,2,349.96,174.98,Silver
2273,4,350.09,87.52,Silver
570,4,350.22,87.56,Silver
634,4,350.28,87.57,Silver
1927,3,350.68,116.89,Silver
2824,5,351.28,70.26,Silver
2141,4,351.37,87.84,Silver
2796,5,351.4,70.28,Silver
2283,4,351.71,87.93,Silver
1076,5,351.98,70.4,Silver
2672,3,352.21,117.4,Silver
1070,3,352.99,117.66,Silver
2417,2,353.22,176.61,Silver
1027,2,353.82,176.91,Silver
2792,3,353.84,117.95,Silver
893,3,354.05,118.02,Silver
2845,3,354.22,118.07,Silver
1127,4,354.36,88.59,Silver
142,2,354.4,177.2,Silver
1586,5,354.86,70.97,Silver
2340,3,354.89,118.3,Silver
1460,5,355.45,71.09,Silver
1589,3,355.47,118.49,Silver
1469,2,356.41,178.2,Silver
1160,5,356.92,71.38,Silver
1759,2,356.92,178.46,Silver
890,4,357.42,89.35,Silver
190,5,357.47,71.49,Silver
406,6,357.69,59.62,Silver
2011,5,358.55,71.71,Silver
2082,4,358.57,89.64,Silver
1937,4,359.05,89.76,Silver
937,2,359.15,179.58,Silver
1016,6,359.61,59.94,Silver
1449,3,359.68,119.89,Silver
2043,5,359.8,71.96,Silver
6,2,359.83,179.92,Silver
1857,3,361.55,120.52,Silver
2018,3,361.99,120.66,Silver
2140,5,362.03,72.41,Silver
1861,5,362.14,72.43,Silver
1528,3,362.36,120.79,Silver
356,5,362.49,72.5,Silver
161,3,362.59,120.86,Silver
2144,5,362.66,72.53,Silver
998,3,363.19,121.06,Silver
2132,3,363.22,121.07,Silver
2245,4,363.49,90.87,Silver
758,5,363.56,72.71,Silver
673,3,363.6,121.2,Silver
1928,3,364.59,121.53,Silver
88,3,364.63,121.54,Silver
1100,3,364.65,121.55,Silver
332,3,364.7,121.57,Silver
2954,4,364.85,91.21,Silver
2584,5,365.07,73.01,Silver
2768,2,365.22,182.61,Silver
1277,2,365.31,182.66,Silver
2850,5,365.38,73.08,Silver
1566,3,365.51,121.84,Silver
377,2,365.59,182.8,Silver
2662,3,365.66,121.89,Silver
813,2,365.8,182.9,Silver
2212,3,366.2,122.07,Silver
2624,3,366.47,122.16,Silver
2552,4,366.51,91.63,Silver
2734,2,367.29,183.64,Silver
2671,3,368.27,122.76,Silver
1296,1,368.6,368.6,Silver
2039,4,368.97,92.24,Silver
840,4,369.17,92.29,Silver
2656,3,369.75,123.25,Silver
1249,2,370.12,185.06,Silver
2493,4,370.67,92.67,Silver
1812,3,371.71,123.9,Silver
1012,3,372.01,124,Silver
2145,3,372.06,124.02,Silver
8,3,372.12,124.04,Silver
2966,4,372.17,93.04,Silver
2559,6,373.2,62.2,Silver
2227,3,373.54,124.51,Silver
1645,4,373.82,93.46,Silver
379,5,374.05,74.81,Silver
889,5,374.69,74.94,Silver
2714,5,375.13,75.03,Silver
2987,6,375.43,62.57,Silver
1079,1,375.45,375.45,Silver
2335,7,375.66,53.67,Silver
2282,2,376.32,188.16,Silver
2421,2,376.34,188.17,Silver
2691,3,376.64,125.55,Silver
2281,5,376.9,75.38,Silver
1643,5,377.15,75.43,Silver
1049,2,377.18,188.59,Silver
2595,2,377.38,188.69,Silver
885,3,377.54,125.85,Silver
357,4,378.12,94.53,Silver
1877,4,378.34,94.58,Silver
2009,3,378.56,126.19,Silver
2913,4,378.71,94.68,Silver
913,5,378.72,75.74,Silver
2684,1,378.96,378.96,Silver
2033,4,378.98,94.74,Silver
799,2,379.04,189.52,Silver
1981,1,379.57,379.57,Silver
785,4,379.6,94.9,Silver
380,1,380.52,380.52,Silver
1837,4,381.96,95.49,Silver
249,1,382.2,382.2,Silver
437,2,382.55,191.27,Silver
55,4,382.7,95.68,Silver
1352,2,383.25,191.62,Silver
1196,2,383.34,191.67,Silver
899,4,383.45,95.86,Silver
1530,4,384.04,96.01,Silver
959,2,384.07,192.04,Silver
713,2,384.31,192.16,Silver
2136,4,384.35,96.09,Silver
352,1,384.9,384.9,Silver
2059,4,385.56,96.39,Silver
2650,3,385.71,128.57,Silver
302,3,386.65,128.88,Silver
1459,3,387.34,129.11,Silver
1974,4,388.48,97.12,Silver
1411,5,388.64,77.73,Silver
2166,5,388.81,77.76,Silver
891,4,389.03,97.26,Silver
1058,2,389.87,194.94,Silver
945,2,390.48,195.24,Silver
2543,4,390.51,97.63,Silver
2925,4,390.93,97.73,Silver
225,5,392.02,78.4,Silver
2189,5,392.24,78.45,Silver
353,2,392.65,196.32,Silver
1538,6,392.86,65.48,Silver
649,5,393.79,78.76,Silver
819,3,394.73,131.58,Silver
2487,4,394.8,98.7,Silver
2621,2,395.03,197.52,Silver
341,5,395.38,79.08,Silver
205,3,395.64,131.88,Silver
240,1,396.04,396.04,Silver
1633,3,396.23,132.08,Silver
2119,3,396.27,132.09,Silver
1988,3,396.3,132.1,Silver
2697,5,396.7,79.34,Silver
2038,5,396.76,79.35,Silver
2372,6,396.94,66.16,Silver
90,7,397.01,56.72,Silver
1769,4,397.23,99.31,Silver
774,4,397.31,99.33,Silver
643,1,397.69,397.69,Silver
2696,2,397.71,198.86,Silver
402,3,398.4,132.8,Silver
1472,5,398.59,79.72,Silver
515,5,399.2,79.84,Silver
2122,4,399.34,99.84,Silver
1096,4,400.21,100.05,Silver
947,6,400.36,66.73,Silver
1065,4,400.6,100.15,Silver
1115,2,401.59,200.8,Silver
675,3,402.02,134.01,Silver
1276,2,402.1,201.05,Silver
1347,4,402.24,100.56,Silver
1136,5,402.72,80.54,Silver
1585,2,404.12,202.06,Silver
1106,8,406.2,50.78,Silver
2625,4,406.46,101.62,Silver
2186,3,406.57,135.52,Silver
1149,3,406.58,135.53,Silver
1881,3,406.63,135.54,Silver
83,6,407.84,67.97,Silver
2061,4,408.91,102.23,Silver
2356,4,409.15,102.29,Silver
499,4,409.2,102.3,Silver
2721,4,409.38,102.34,Silver
1556,3,409.63,136.54,Silver
1560,2,409.9,204.95,Silver
1781,2,410.17,205.08,Silver
1552,5,410.45,82.09,Silver
772,4,410.86,102.72,Silver
1907,4,411,102.75,Silver
2830,2,411,205.5,Silver
610,3,411.33,137.11,Silver
2393,2,411.6,205.8,Silver
1327,3,411.67,137.22,Silver
231,3,411.72,137.24,Silver
28,3,411.75,137.25,Silver
2522,5,412.1,82.42,Silver
1605,4,412.22,103.06,Silver
1031,7,412.96,58.99,Silver
906,3,413.2,137.73,Silver
2736,5,413.2,82.64,Silver
155,3,413.74,137.91,Silver
435,4,414.17,103.54,Silver
1227,3,414.27,138.09,Silver
2648,2,414.91,207.46,Silver
856,4,415.02,103.76,Silver
2940,4,415.12,103.78,Silver
2208,3,415.33,138.44,Silver
2511,4,416.28,104.07,Silver
688,6,416.64,69.44,Silver
871,7,416.76,59.54,Silver
104,4,417.31,104.33,Silver
1821,3,417.85,139.28,Silver
2432,4,418.14,104.54,Silver
1911,3,418.55,139.52,Silver
2456,2,418.61,209.3,Silver
2978,3,418.61,139.54,Silver
870,3,419.4,139.8,Silver
1302,6,419.6,69.93,Silver
463,3,419.8,139.93,Silver
2369,5,419.85,83.97,Silver
2400,2,420.26,210.13,Silver
221,4,420.44,105.11,Silver
100,2,421.09,210.54,Silver
595,2,421.34,210.67,Silver
229,4,421.37,105.34,Silver
1657,5,423.5,84.7,Silver
2919,4,423.74,105.93,Silver
728,4,424.32,106.08,Silver
2418,1,424.32,424.32,Silver
1525,4,424.56,106.14,Silver
41,5,425.83,85.17,Silver
2064,6,426.47,71.08,Silver
1326,5,426.5,85.3,Silver
1817,1,426.91,426.91,Silver
408,2,427.14,213.57,Silver
951,2,427.25,213.62,Silver
2825,3,427.4,142.47,Silver
680,3,427.53,142.51,Silver
976,3,427.56,142.52,Silver
2894,2,427.82,213.91,Silver
1485,4,427.93,106.98,Silver
2449,7,429.16,61.31,Silver
2979,3,429.34,143.11,Silver
172,4,430.04,107.51,Silver
823,2,430.1,215.05,Silver
1604,7,430.15,61.45,Silver
2618,4,430.22,107.56,Silver
1822,5,430.51,86.1,Silver
1962,3,430.88,143.63,Silver
1802,3,431.99,144,Silver
923,7,432.41,61.77,Silver
369,3,432.52,144.17,Silver
1827,3,432.52,144.17,Silver
2137,3,432.94,144.31,Silver
1162,3,433.2,144.4,Silver
2946,4,433.29,108.32,Silver
1854,5,433.56,86.71,Silver
532,4,434.04,108.51,Silver
2223,3,434.55,144.85,Silver
2077,5,434.65,86.93,Silver
1743,2,435.23,217.62,Silver
2931,3,435.52,145.17,Silver
527,3,436.07,145.36,Silver
2744,3,438.59,146.2,Silver
2515,5,438.73,87.75,Silver
530,4,438.96,109.74,Silver
1729,1,439.9,439.9,Silver
182,4,440.1,110.02,Silver
858,3,440.29,146.76,Silver
1436,4,440.51,110.13,Silver
2741,3,440.62,146.87,Silver
2871,5,441.35,88.27,Silver
589,3,441.87,147.29,Silver
276,4,442.05,110.51,Silver
21,3,442.19,147.4,Silver
1048,2,442.44,221.22,Silver
2676,5,442.53,88.51,Silver
2941,6,443.75,73.96,Silver
11,3,443.87,147.96,Silver
177,4,444,111,Silver
1440,7,444.16,63.45,Silver
594,7,444.56,63.51,Silver
1190,5,444.83,88.97,Silver
1724,4,447.88,111.97,Silver
2240,4,448.08,112.02,Silver
584,4,449.65,112.41,Silver
64,2,449.87,224.94,Silver
2990,5,450.03,90.01,Silver
2156,4,450.32,112.58,Silver
376,6,451.44,75.24,Silver
902,4,451.81,112.95,Silver
2749,2,452.12,226.06,Silver
2760,2,452.38,226.19,Silver
2827,3,452.85,150.95,Silver
613,3,453.09,151.03,Silver
2031,4,454.99,113.75,Silver
900,3,455.24,151.75,Silver
1999,5,456.36,91.27,Silver
2344,5,456.66,91.33,Silver
2469,4,456.71,114.18,Silver
2000,3,456.85,152.28,Silver
963,2,457.16,228.58,Silver
235,5,457.3,91.46,Silver
2531,3,457.31,152.44,Silver
328,4,457.5,114.38,Silver
2623,2,457.97,228.98,Silver
1376,2,459.57,229.78,Silver
2683,3,459.58,153.19,Silver
503,5,459.96,91.99,Silver
2420,2,460.3,230.15,Silver
1943,5,460.77,92.15,Silver
1698,2,461.05,230.53,Silver
671,2,461.07,230.54,Silver
472,4,461.24,115.31,Silver
1523,6,461.4,76.9,Silver
1408,3,461.88,153.96,Silver
2399,2,462.41,231.2,Silver
1122,3,462.63,154.21,Silver
166,6,463.61,77.27,Silver
1433,1,463.69,463.69,Silver
878,3,463.88,154.63,Silver
1240,3,464.18,154.73,Silver
1772,4,464.37,116.09,Silver
271,6,464.68,77.45,Silver
1790,3,464.77,154.92,Silver
1172,1,465.9,465.9,Silver
1953,2,465.93,232.96,Silver
2155,2,466.32,233.16,Silver
711,2,466.45,233.23,Silver
442,5,466.85,93.37,Silver
259,6,467.47,77.91,Silver
2866,2,467.57,233.78,Silver
223,2,467.68,233.84,Silver
133,3,467.87,155.96,Silver
1662,3,468.21,156.07,Silver
1849,5,468.84,93.77,Silver
1983,7,468.9,66.99,Silver
1675,3,469.12,156.37,Silver
329,3,469.14,156.38,Silver
2836,3,469.7,156.57,Silver
1554,7,469.87,67.12,Silver
660,4,470.89,117.72,Silver
232,3,471.15,157.05,Silver
1816,3,471.49,157.16,Silver
1740,2,471.97,235.98,Silver
1898,2,472.36,236.18,Silver
175,3,472.41,157.47,Silver
2138,3,473.73,157.91,Silver
629,6,473.86,78.98,Silver
2133,3,473.88,157.96,Silver
974,4,474.27,118.57,Silver
460,6,474.6,79.1,Silver
2427,4,474.67,118.67,Silver
1956,4,475.13,118.78,Silver
1850,2,475.14,237.57,Silver
1619,1,475.24,475.24,Silver
2496,2,475.51,237.76,Silver
1397,2,475.89,237.94,Silver
339,3,476.22,158.74,Silver
2027,4,476.22,119.06,Silver
2758,4,476.81,119.2,Silver
829,2,476.98,238.49,Silver
108,1,477.26,477.26,Silver
848,5,477.31,95.46,Silver
517,4,477.53,119.38,Silver
2377,4,478.01,119.5,Silver
2967,4,478.03,119.51,Silver
2708,3,478.34,159.45,Silver
681,4,478.98,119.74,Silver
1839,4,480.02,120,Silver
2412,3,480.4,160.13,Silver
1241,4,480.73,120.18,Silver
1511,4,483.59,120.9,Silver
605,3,483.62,161.21,Silver
1941,2,484.52,242.26,Silver
2834,1,484.62,484.62,Silver
1895,4,485.09,121.27,Silver
2778,3,485.14,161.71,Silver
2409,3,485.62,161.87,Silver
2195,4,486.28,121.57,Silver
1038,4,486.99,121.75,Silver
1210,5,487.9,97.58,Silver
2563,3,488.29,162.76,Silver
701,2,488.41,244.2,Silver
436,2,488.83,244.42,Silver
255,4,489.07,122.27,Silver
2495,4,489.93,122.48,Silver
2988,7,490,70,Silver
553,3,490.15,163.38,Silver
1764,4,490.81,122.7,Silver
1373,4,491.36,122.84,Silver
2893,5,491.39,98.28,Silver
1951,4,491.61,122.9,Silver
2905,4,491.64,122.91,Silver
1524,4,492.34,123.08,Silver
2080,6,492.94,82.16,Silver
1310,2,492.97,246.48,Silver
560,5,493.75,98.75,Silver
1086,3,494.21,164.74,Silver
99,3,494.48,164.83,Silver
2402,3,494.58,164.86,Silver
2507,5,494.8,98.96,Silver
916,4,495.45,123.86,Silver
2331,5,495.72,99.14,Silver
751,4,495.82,123.96,Silver
989,4,496.18,124.04,Silver
1009,6,496.92,82.82,Silver
2267,4,497.52,124.38,Silver
1588,4,497.7,124.43,Silver
1912,3,497.7,165.9,Silver
958,3,497.82,165.94,Silver
1474,6,498.2,83.03,Silver
1318,4,498.22,124.56,Silver
1439,3,498.63,166.21,Silver
2654,4,499.28,124.82,Silver
985,5,500.12,100.02,Silver
2475,3,500.28,166.76,Silver
2562,4,500.4,125.1,Silver
1793,4,501.06,125.26,Silver
2446,3,502.08,167.36,Silver
1097,6,502.67,83.78,Silver
1744,4,502.9,125.72,Silver
2261,2,505.05,252.52,Silver
946,4,505.41,126.35,Silver
2942,6,505.96,84.33,Silver
582,6,506.7,84.45,Silver
843,4,507.23,126.81,Silver
2470,5,507.57,101.51,Silver
1969,5,508.33,101.67,Silver
918,3,508.34,169.45,Silver
1777,4,508.85,127.21,Silver
2892,4,509.21,127.3,Silver
2360,2,509.38,254.69,Silver
1346,1,509.54,509.54,Silver
578,2,509.86,254.93,Silver
2720,5,510.05,102.01,Silver
1995,5,510.18,102.04,Silver
716,4,510.58,127.64,Silver
512,2,511.81,255.9,Silver
179,5,512.16,102.43,Silver
2126,3,513.34,171.11,Silver
642,3,514.32,171.44,Silver
1112,4,514.63,128.66,Silver
87,4,514.77,128.69,Silver
2791,4,515.71,128.93,Silver
2121,4,516.2,129.05,Silver
1283,2,517.8,258.9,Silver
588,7,517.83,73.98,Silver
910,3,518.66,172.89,Silver
695,4,518.83,129.71,Silver
993,6,518.89,86.48,Silver
2719,2,518.97,259.48,Silver
547,5,519.07,103.81,Silver
2631,4,519.52,129.88,Silver
143,4,519.71,129.93,Silver
1688,7,520.03,74.29,Silver
1223,2,520.26,260.13,Silver
780,7,520.54,74.36,Silver
1868,1,521.4,521.4,Silver
16,2,522.18,261.09,Silver
1294,3,522.47,174.16,Silver
645,1,522.52,522.52,Silver
1142,9,522.77,58.09,Silver
1134,3,522.8,174.27,Silver
2745,5,525.25,105.05,Silver
2991,6,526.27,87.71,Silver
739,3,526.38,175.46,Silver
1717,7,527.32,75.33,Silver
2452,4,527.56,131.89,Silver
257,2,528.04,264.02,Silver
2468,5,528.24,105.65,Silver
37,3,529.88,176.63,Silver
2936,4,530.42,132.6,Silver
1932,4,531.01,132.75,Silver
817,5,531.18,106.24,Silver
2609,6,531.38,88.56,Silver
2525,4,531.39,132.85,Silver
1730,2,532.15,266.08,Silver
650,4,532.34,133.08,Silver
633,3,532.71,177.57,Silver
1768,3,534.92,178.31,Silver
2897,8,537.06,67.13,Silver
1443,3,537.2,179.07,Silver
2969,2,537.42,268.71,Silver
1067,4,538.8,134.7,Silver
1508,3,539.39,179.8,Silver
2947,6,539.81,89.97,Silver
2613,3,539.89,179.96,Silver
1944,5,540.9,108.18,Silver
1367,4,542.98,135.74,Silver
2903,4,543.29,135.82,Silver
280,1,543.51,543.51,Silver
706,3,543.53,181.18,Silver
1317,5,543.79,108.76,Silver
1325,4,544.57,136.14,Silver
1710,2,544.72,272.36,Silver
1924,6,545.59,90.93,Silver
2387,3,545.77,181.92,Silver
2037,2,546.34,273.17,Silver
2743,1,546.62,546.62,Silver
1155,2,547.05,273.52,Silver
1221,3,547.5,182.5,Silver
1952,4,547.52,136.88,Silver
2561,3,547.59,182.53,Silver
887,5,548.04,109.61,Silver
3000,3,549.18,183.06,Silver
513,2,549.22,274.61,Silver
611,4,549.53,137.38,Silver
2083,1,549.87,549.87,Silver
1707,4,549.9,137.48,Silver
2963,5,551.63,110.33,Silver
1483,4,551.79,137.95,Silver
563,5,551.92,110.38,Silver
810,3,552.37,184.12,Silver
2677,3,552.72,184.24,Silver
1909,4,552.99,138.25,Silver
1739,3,553.29,184.43,Silver
2773,4,553.33,138.33,Silver
2870,6,553.51,92.25,Silver
1480,3,553.6,184.53,Silver
285,4,553.78,138.45,Silver
559,5,554.29,110.86,Silver
580,6,556.26,92.71,Silver
1760,6,557.26,92.88,Silver
471,8,557.77,69.72,Silver
2573,2,558.37,279.18,Silver
510,2,558.56,279.28,Silver
524,4,559.03,139.76,Silver
1040,2,560.02,280.01,Silver
994,4,560.56,140.14,Silver
82,4,560.64,140.16,Silver
2183,2,560.87,280.44,Silver
2380,3,561.11,187.04,Silver
2114,3,561.27,187.09,Silver
58,3,562.84,187.61,Silver
1636,6,562.95,93.82,Silver
1939,6,563.53,93.92,Silver
338,7,563.55,80.51,Silver
1561,7,564.2,80.6,Silver
1288,3,565.97,188.66,Silver
141,4,566.48,141.62,Silver
2538,3,566.5,188.83,Silver
1495,3,567.04,189.01,Silver
121,2,567.14,283.57,Silver
2306,6,567.3,94.55,Silver
1082,4,568.09,142.02,Silver
236,6,568.33,94.72,Silver
732,4,568.75,142.19,Silver
962,5,569.08,113.82,Silver
139,7,569.68,81.38,Silver
359,2,570.17,285.09,Silver
1683,5,570.21,114.04,Silver
977,6,571.29,95.21,Silver
202,5,572.03,114.41,Silver
1964,4,572.1,143.02,Silver
2740,4,572.75,143.19,Silver
2359,3,573.57,191.19,Silver
2733,2,574.97,287.48,Silver
2173,5,575.18,115.04,Silver
2660,6,575.58,95.93,Silver
1237,3,576.39,192.13,Silver
2651,2,577.74,288.87,Silver
2094,1,578.04,578.04,Silver
895,5,578.23,115.65,Silver
2060,5,578.28,115.66,Silver
2784,3,579.66,193.22,Silver
453,6,579.79,96.63,Silver
1116,3,579.9,193.3,Silver
1329,3,579.91,193.3,Silver
726,3,580.77,193.59,Silver
2362,4,580.82,145.21,Silver
2392,2,580.83,290.41,Silver
1095,5,581.36,116.27,Silver
628,5,582.09,116.42,Silver
130,8,582.29,72.79,Silver
1501,6,582.45,97.08,Silver
2398,5,582.73,116.55,Silver
965,2,583.78,291.89,Silver
2191,4,584.36,146.09,Silver
1548,4,584.45,146.11,Silver
2164,4,584.73,146.18,Silver
2502,5,584.77,116.95,Silver
1960,6,584.81,97.47,Silver
2891,3,585.08,195.03,Silver
2416,6,585.16,97.53,Silver
2785,3,585.48,195.16,Silver
1689,2,585.68,292.84,Silver
111,4,585.72,146.43,Silver
468,4,586.52,146.63,Silver
802,5,586.61,117.32,Silver
2407,1,588.05,588.05,Silver
1646,4,588.45,147.11,Silver
420,5,588.73,117.75,Silver
686,3,589.36,196.45,Silver
2735,5,589.55,117.91,Silver
318,5,590.02,118,Silver
623,3,593.06,197.69,Silver
1415,2,593.62,296.81,Silver
1700,3,594.8,198.27,Silver
2498,5,595.09,119.02,Silver
2586,3,595.1,198.37,Silver
1856,8,595.51,74.44,Silver
389,2,596.87,298.44,Silver
2680,5,597.83,119.57,Silver
1217,4,599.13,149.78,Silver
2087,3,599.3,199.77,Silver
685,9,599.38,66.6,Silver
227,6,599.39,99.9,Silver
1496,3,599.64,199.88,Silver
2959,5,599.7,119.94,Silver
2790,2,600.33,300.16,Silver
2849,5,601.46,120.29,Silver
2542,5,601.6,120.32,Silver
552,5,602.21,120.44,Silver
1243,2,603.24,301.62,Silver
2915,5,603.5,120.7,Silver
2093,3,604.19,201.4,Silver
961,1,605.1,605.1,Silver
1080,6,605.55,100.92,Silver
569,2,606.23,303.12,Silver
1037,6,606.37,101.06,Silver
2526,3,608.39,202.8,Silver
491,5,608.76,121.75,Silver
1569,2,608.94,304.47,Silver
2911,3,609.27,203.09,Silver
879,1,609.41,609.41,Silver
290,2,609.62,304.81,Silver
2612,2,610.2,305.1,Silver
2120,2,611.17,305.59,Silver
1425,4,612.53,153.13,Silver
181,3,613.51,204.5,Silver
2368,3,613.79,204.6,Silver
1437,2,614.31,307.15,Silver
1078,5,614.86,122.97,Silver
2486,3,615.67,205.22,Silver
2112,3,615.87,205.29,Silver
25,6,616.54,102.76,Silver
1752,6,617.33,102.89,Silver
1338,5,617.44,123.49,Silver
2268,3,617.56,205.85,Silver
2441,3,617.7,205.9,Silver
2638,4,618.31,154.58,Silver
2663,4,618.75,154.69,Silver
387,7,620.16,88.59,Silver
76,4,621.32,155.33,Silver
1360,5,621.52,124.3,Silver
1959,6,622.08,103.68,Silver
2545,4,622.73,155.68,Silver
1756,5,622.75,124.55,Silver
270,5,623.06,124.61,Silver
940,3,623.1,207.7,Silver
1334,5,624.17,124.83,Silver
2386,4,624.44,156.11,Silver
2896,5,624.64,124.93,Silver
284,5,625.56,125.11,Silver
1204,3,625.83,208.61,Silver
1929,3,626,208.67,Silver
2439,4,628.78,157.2,Silver
2678,3,629.1,209.7,Silver
2682,7,630.39,90.06,Silver
964,4,631.25,157.81,Silver
2843,5,631.82,126.36,Silver
1390,3,631.98,210.66,Silver
1734,4,632.09,158.02,Silver
394,1,632.1,632.1,Silver
663,4,632.65,158.16,Silver
2633,3,633.01,211,Silver
1251,3,633.96,211.32,Silver
185,2,634.25,317.12,Silver
405,7,634.6,90.66,Silver
2177,4,635.23,158.81,Silver
2131,3,635.69,211.9,Silver
326,4,635.8,158.95,Silver
956,4,635.98,159,Silver
2727,2,636.15,318.08,Silver
1363,3,636.75,212.25,Silver
1578,6,637.27,106.21,Silver
439,3,637.44,212.48,Silver
2075,5,638.13,127.63,Silver
2401,5,638.62,127.72,Silver
2657,2,638.95,319.48,Silver
239,4,639.07,159.77,Silver
2592,5,639.08,127.82,Silver
919,7,641.78,91.68,Silver
640,4,641.97,160.49,Silver
2312,3,642.43,214.14,Silver
2985,3,642.75,214.25,Silver
1366,4,643.31,160.83,Silver
1823,4,644.46,161.12,Silver
2566,3,644.82,214.94,Silver
2783,5,645.49,129.1,Silver
1693,3,645.54,215.18,Silver
1071,5,646.04,129.21,Silver
1253,6,646.49,107.75,Silver
2353,6,647.54,107.92,Silver
1564,3,647.82,215.94,Silver
2854,6,647.97,108,Silver
1899,2,648.04,324.02,Silver
1894,5,649.71,129.94,Silver
2430,3,649.77,216.59,Silver
759,5,650.12,130.02,Silver
729,4,650.85,162.71,Silver
2972,6,652.37,108.73,Silver
224,5,652.46,130.49,Silver
2704,4,652.73,163.18,Silver
349,4,653.84,163.46,Silver
574,4,654.08,163.52,Silver
432,4,654.36,163.59,Silver
703,5,655.35,131.07,Silver
1132,4,655.83,163.96,Silver
1677,5,656.18,131.24,Silver
1705,4,656.52,164.13,Silver
687,3,657.15,219.05,Silver
1089,6,657.24,109.54,Silver
2332,3,657.78,219.26,Silver
1138,4,658.1,164.52,Silver
2853,4,659.49,164.87,Silver
295,6,660.04,110.01,Silver
2339,4,660.96,165.24,Silver
950,4,661.49,165.37,Silver
1467,4,661.67,165.42,Silver
277,5,661.86,132.37,Silver
1610,4,662.26,165.56,Gold
2867,4,663.02,165.76,Gold
105,8,664.29,83.04,Gold
2206,3,664.5,221.5,Gold
1133,5,664.92,132.98,Gold
2620,1,665.28,665.28,Gold
1110,4,665.54,166.38,Gold
2505,6,665.69,110.95,Gold
1333,4,665.89,166.47,Gold
1572,4,666.61,166.65,Gold
2980,5,666.62,133.32,Gold
505,3,667.24,222.41,Gold
1606,5,667.59,133.52,Gold
62,4,668.69,167.17,Gold
237,4,668.84,167.21,Gold
1978,5,669.85,133.97,Gold
2999,4,672.5,168.12,Gold
2738,4,672.72,168.18,Gold
241,2,672.82,336.41,Gold
897,6,673.48,112.25,Gold
2480,3,673.75,224.58,Gold
2266,7,673.77,96.25,Gold
2274,3,673.84,224.61,Gold
1665,5,673.94,134.79,Gold
1256,3,674.24,224.75,Gold
740,4,675.72,168.93,Gold
538,3,675.76,225.25,Gold
48,2,676.55,338.28,Gold
615,5,677.02,135.4,Gold
1239,4,677.1,169.28,Gold
1446,6,677.23,112.87,Gold
572,3,677.53,225.84,Gold
1493,6,680.59,113.43,Gold
273,4,680.88,170.22,Gold
2433,3,682.12,227.37,Gold
1047,2,682.53,341.27,Gold
198,8,683.05,85.38,Gold
599,3,684.34,228.11,Gold
300,1,685.28,685.28,Gold
1178,6,685.31,114.22,Gold
118,4,685.56,171.39,Gold
2916,5,685.75,137.15,Gold
2254,6,687.55,114.59,Gold
942,5,687.61,137.52,Gold
1920,3,688.07,229.36,Gold
883,7,688.9,98.41,Gold
2851,5,690.52,138.1,Gold
2202,5,690.66,138.13,Gold
2711,4,690.81,172.7,Gold
1015,6,690.9,115.15,Gold
2906,5,691.01,138.2,Gold
1244,6,691.2,115.2,Gold
495,4,692.19,173.05,Gold
2017,2,692.21,346.1,Gold
1723,5,693.04,138.61,Gold
193,3,693.06,231.02,Gold
2415,3,693.32,231.11,Gold
999,5,693.76,138.75,Gold
1154,4,693.84,173.46,Gold
1093,7,694.52,99.22,Gold
1805,2,694.53,347.26,Gold
115,4,694.75,173.69,Gold
2229,4,696.95,174.24,Gold
299,5,697.38,139.48,Gold
2244,6,697.82,116.3,Gold
2887,4,698.67,174.67,Gold
2041,6,698.99,116.5,Gold
199,2,699.51,349.76,Gold
494,4,699.65,174.91,Gold
2555,2,700.34,350.17,Gold
2904,4,700.94,175.24,Gold
792,4,701.32,175.33,Gold
263,3,703.24,234.41,Gold
2310,4,704,176,Gold
1503,4,704.14,176.04,Gold
250,5,704.18,140.84,Gold
1350,4,704.29,176.07,Gold
1151,5,704.66,140.93,Gold
1117,4,707.24,176.81,Gold
1758,6,708.13,118.02,Gold
794,3,708.77,236.26,Gold
620,4,709.45,177.36,Gold
2554,5,709.47,141.89,Gold
2127,6,709.59,118.26,Gold
1234,3,709.72,236.57,Gold
1820,4,711.77,177.94,Gold
1778,6,712.42,118.74,Gold
262,5,713.03,142.61,Gold
1275,4,713.22,178.3,Gold
2106,5,713.42,142.68,Gold
152,4,714.69,178.67,Gold
2015,3,715.5,238.5,Gold
540,3,715.88,238.63,Gold
982,5,717.16,143.43,Gold
2914,4,717.57,179.39,Gold
72,4,717.59,179.4,Gold
2483,5,718.97,143.79,Gold
662,10,720.2,72.02,Gold
1486,4,720.45,180.11,Gold
2578,3,723.34,241.11,Gold
850,5,724.42,144.88,Gold
868,2,724.75,362.38,Gold
129,5,725.09,145.02,Gold
1622,2,725.54,362.77,Gold
1342,6,726.88,121.15,Gold
1771,2,727.28,363.64,Gold
1553,5,727.43,145.49,Gold
1250,4,729.1,182.28,Gold
506,3,729.15,243.05,Gold
476,6,729.4,121.57,Gold
160,3,729.96,243.32,Gold
2209,5,730.95,146.19,Gold
753,2,731.71,365.86,Gold
1273,3,731.81,243.94,Gold
1984,4,733.14,183.28,Gold
1494,2,733.64,366.82,Gold
2442,3,733.79,244.6,Gold
1666,1,733.8,733.8,Gold
2278,4,733.92,183.48,Gold
470,3,737.05,245.68,Gold
1024,3,737.21,245.74,Gold
668,7,737.35,105.34,Gold
1595,4,739.07,184.77,Gold
1876,7,739.18,105.6,Gold
1603,3,739.79,246.6,Gold
2046,2,740.74,370.37,Gold
1591,5,742.24,148.45,Gold
1184,2,743.47,371.73,Gold
1252,3,744.55,248.18,Gold
2924,4,744.63,186.16,Gold
278,6,744.68,124.11,Gold
1938,3,745.08,248.36,Gold
117,5,745.3,149.06,Gold
738,5,745.85,149.17,Gold
1660,5,747.22,149.44,Gold
1925,4,747.26,186.82,Gold
2218,5,748.7,149.74,Gold
805,6,749.73,124.96,Gold
57,3,750.28,250.09,Gold
526,5,752.32,150.46,Gold
622,2,752.35,376.18,Gold
1750,5,752.93,150.59,Gold
2617,3,753.23,251.08,Gold
996,4,753.97,188.49,Gold
93,3,754.02,251.34,Gold
1706,5,754.98,151,Gold
2249,6,756.86,126.14,Gold
1445,4,756.95,189.24,Gold
901,2,757.01,378.5,Gold
2960,6,757.69,126.28,Gold
238,3,757.92,252.64,Gold
1851,5,758.01,151.6,Gold
2025,4,761.28,190.32,Gold
855,2,762.42,381.21,Gold
1889,3,762.71,254.24,Gold
2801,5,764.24,152.85,Gold
852,3,764.48,254.83,Gold
2598,5,765.12,153.02,Gold
1171,2,765.57,382.78,Gold
2717,2,766.94,383.47,Gold
2463,5,767.41,153.48,Gold
542,7,768.19,109.74,Gold
216,6,768.74,128.12,Gold
1054,4,769.02,192.26,Gold
362,3,769.38,256.46,Gold
719,1,769.62,769.62,Gold
1285,2,769.85,384.92,Gold
929,7,771.64,110.23,Gold
2591,3,772.09,257.36,Gold
1130,8,772.35,96.54,Gold
124,3,772.47,257.49,Gold
343,3,773.35,257.78,Gold
2614,4,773.81,193.45,Gold
1201,3,774.18,258.06,Gold
422,7,776.89,110.98,Gold
2805,4,777.67,194.42,Gold
2455,3,777.79,259.26,Gold
1,1,778.12,778.12,Gold
1908,7,778.6,111.23,Gold
2567,4,778.64,194.66,Gold
485,3,779.29,259.76,Gold
562,2,779.47,389.73,Gold
616,8,779.75,97.47,Gold
1357,7,780.76,111.54,Gold
1791,4,780.91,195.23,Gold
1434,3,782.12,260.71,Gold
1354,5,782.38,156.48,Gold
1192,9,784.04,87.12,Gold
2548,5,784.26,156.85,Gold
839,4,785.84,196.46,Gold
1381,5,785.92,157.18,Gold
344,5,786.79,157.36,Gold
2962,3,786.89,262.3,Gold
1987,7,787.66,112.52,Gold
183,6,788.06,131.34,Gold
272,3,789.61,263.2,Gold
2950,4,791.16,197.79,Gold
2536,3,791.32,263.77,Gold
2148,4,792.68,198.17,Gold
1711,5,793.46,158.69,Gold
2564,3,794.17,264.72,Gold
321,5,795.16,159.03,Gold
2411,7,797.62,113.95,Gold
952,5,799.73,159.95,Gold
1094,5,799.77,159.95,Gold
833,6,800.6,133.43,Gold
835,6,801.6,133.6,Gold
2314,3,804.82,268.27,Gold
480,3,805.19,268.4,Gold
2670,2,805.29,402.64,Gold
2530,2,805.48,402.74,Gold
1229,4,805.67,201.42,Gold
2509,4,807.15,201.79,Gold
2812,3,809.91,269.97,Gold
1674,5,810.32,162.06,Gold
1140,2,810.63,405.32,Gold
1476,4,810.72,202.68,Gold
1320,5,810.89,162.18,Gold
146,6,811.87,135.31,Gold
2901,5,812.33,162.47,Gold
327,3,812.7,270.9,Gold
821,6,812.8,135.47,Gold
116,6,814.64,135.77,Gold
827,5,814.68,162.94,Gold
529,4,815.49,203.87,Gold
1754,4,816.13,204.03,Gold
1539,4,816.26,204.06,Gold
1679,4,816.91,204.23,Gold
266,2,818.42,409.21,Gold
2601,4,818.63,204.66,Gold
2832,4,818.73,204.68,Gold
722,2,819.28,409.64,Gold
2879,6,819.59,136.6,Gold
561,4,819.99,205,Gold
2862,5,821.94,164.39,Gold
1542,4,822.41,205.6,Gold
1165,7,822.48,117.5,Gold
2079,3,822.78,274.26,Gold
1090,6,823.04,137.17,Gold
1608,5,823.28,164.66,Gold
2477,3,824.14,274.71,Gold
315,3,825.33,275.11,Gold
1829,5,828.15,165.63,Gold
2576,6,829.04,138.17,Gold
2101,6,829.53,138.26,Gold
2800,6,829.81,138.3,Gold
1933,8,830.76,103.84,Gold
1690,4,831.4,207.85,Gold
2153,2,832.02,416.01,Gold
2506,2,832.47,416.24,Gold
84,3,834.16,278.05,Gold
518,4,836.04,209.01,Gold
345,5,836.18,167.24,Gold
2739,6,836.57,139.43,Gold
2073,3,836.9,278.97,Gold
564,3,837.11,279.04,Gold
2325,7,837.3,119.61,Gold
1461,4,837.59,209.4,Gold
1891,6,838.33,139.72,Gold
2909,3,838.51,279.5,Gold
1630,8,842.5,105.31,Gold
1128,4,842.54,210.64,Gold
1650,4,843.84,210.96,Gold
1709,4,844.71,211.18,Gold
1261,5,844.93,168.99,Gold
667,4,845.15,211.29,Gold
2769,4,847.37,211.84,Gold
456,5,847.95,169.59,Gold
2317,1,848,848,Gold
398,6,849.29,141.55,Gold
992,5,849.67,169.93,Gold
1447,2,850,425,Gold
2419,4,851.61,212.9,Gold
1197,3,852.19,284.06,Gold
1099,9,853.81,94.87,Gold
884,3,854.17,284.72,Gold
42,2,854.2,427.1,Gold
489,5,857.52,171.5,Gold
1546,4,858.18,214.54,Gold
207,3,858.64,286.21,Gold
1290,4,858.87,214.72,Gold
1185,8,862.89,107.86,Gold
1032,6,863.36,143.89,Gold
371,5,863.63,172.73,Gold
483,3,864.36,288.12,Gold
2232,5,864.91,172.98,Gold
862,5,865.5,173.1,Gold
2260,4,866.61,216.65,Gold
771,4,867.49,216.87,Gold
844,5,868.03,173.61,Gold
537,5,869.12,173.82,Gold
2464,6,870.09,145.01,Gold
407,4,870.68,217.67,Gold
575,8,873.29,109.16,Gold
2700,3,873.44,291.15,Gold
1388,6,873.92,145.65,Gold
2948,6,874.41,145.73,Gold
2215,3,875.21,291.74,Gold
1858,6,876.21,146.04,Gold
1125,6,876.98,146.16,Gold
2748,7,878.19,125.46,Gold
1737,5,878.81,175.76,Gold
944,8,878.89,109.86,Gold
597,5,879.64,175.93,Gold
313,5,879.82,175.96,Gold
196,1,879.98,879.98,Gold
1869,3,880.46,293.49,Gold
131,3,881,293.67,Gold
967,6,883.68,147.28,Gold
103,3,884.5,294.83,Gold
2262,8,884.58,110.57,Gold
1522,5,884.62,176.92,Gold
904,3,885.07,295.02,Gold
431,2,885.85,442.92,Gold
2533,9,886.06,98.45,Gold
2570,3,886.54,295.51,Gold
832,2,888.21,444.1,Gold
960,7,888.25,126.89,Gold
502,3,888.72,296.24,Gold
1479,6,889.02,148.17,Gold
1562,2,889.26,444.63,Gold
2786,6,889.98,148.33,Gold
2497,4,891.09,222.77,Gold
2451,3,891.12,297.04,Gold
2597,2,891.48,445.74,Gold
655,3,892.18,297.39,Gold
2730,4,892.19,223.05,Gold
845,4,892.65,223.16,Gold
2701,5,893.53,178.71,Gold
373,4,894.29,223.57,Gold
12,5,894.48,178.9,Gold
2605,4,896.8,224.2,Gold
1720,4,899.04,224.76,Gold
914,5,899.65,179.93,Gold
2435,7,899.69,128.53,Gold
1378,6,900.26,150.04,Gold
1041,5,900.98,180.2,Gold
2615,1,901.35,901.35,Gold
1746,2,901.37,450.68,Gold
1036,5,901.53,180.31,Gold
1052,5,901.66,180.33,Gold
1118,3,902.47,300.82,Gold
101,5,905.96,181.19,Gold
1158,2,907.19,453.6,Gold
2659,4,907.35,226.84,Gold
1462,6,908.08,151.35,Gold
148,6,909.34,151.56,Gold
19,11,910.82,82.8,Gold
350,2,911.1,455.55,Gold
1625,4,911.12,227.78,Gold
658,4,912.46,228.11,Gold
1271,4,912.5,228.13,Gold
2802,4,914.22,228.56,Gold
384,6,914.27,152.38,Gold
2712,5,914.4,182.88,Gold
1541,5,914.5,182.9,Gold
214,4,916.22,229.06,Gold
1046,6,916.85,152.81,Gold
1575,7,918.86,131.27,Gold
720,8,919.72,114.96,Gold
2318,5,920.56,184.11,Gold
646,6,922,153.67,Gold
2489,4,923,230.75,Gold
393,5,923.84,184.77,Gold
2069,9,924.21,102.69,Gold
391,3,927.73,309.24,Gold
565,3,928.02,309.34,Gold
1947,5,931.12,186.22,Gold
1066,6,933.34,155.56,Gold
2813,2,933.97,466.98,Gold
1206,7,935.82,133.69,Gold
2198,4,937.72,234.43,Gold
1526,2,938.15,469.08,Gold
2995,8,938.45,117.31,Gold
1297,6,939.74,156.62,Gold
1161,3,941.48,313.83,Gold
163,5,941.79,188.36,Gold
144,5,942.47,188.49,Gold
1108,7,942.85,134.69,Gold
1888,5,944.95,188.99,Gold
2977,4,945.3,236.33,Gold
390,6,946.38,157.73,Gold
1658,4,952.66,238.16,Gold
718,4,953.46,238.36,Gold
2596,3,953.96,317.99,Gold
2939,6,954.41,159.07,Gold
1715,4,955.99,239,Gold
330,4,957.38,239.34,Gold
1216,6,958.78,159.8,Gold
2539,1,961.02,961.02,Gold
2297,3,962.05,320.68,Gold
1504,6,962.28,160.38,Gold
80,2,963.12,481.56,Gold
1379,4,964.23,241.06,Gold
2247,4,966.68,241.67,Gold
644,4,968.01,242,Gold
2028,4,968.38,242.1,Gold
2722,3,970.11,323.37,Gold
2544,2,971.6,485.8,Gold
2888,3,972.66,324.22,Gold
2301,8,973.85,121.73,Gold
464,2,976.92,488.46,Gold
2225,7,978.76,139.82,Gold
1901,4,982.01,245.5,Gold
67,4,982.24,245.56,Gold
1270,6,982.37,163.73,Gold
2557,6,982.95,163.83,Gold
1587,2,983.34,491.67,Gold
1712,5,983.8,196.76,Gold
724,3,985.17,328.39,Gold
267,4,987.2,246.8,Gold
2213,4,987.28,246.82,Gold
2797,4,987.45,246.86,Gold
1531,3,988.34,329.45,Gold
381,5,989.19,197.84,Gold
68,6,989.59,164.93,Gold
2582,7,989.72,141.39,Gold
401,5,990.17,198.03,Gold
1456,3,990.2,330.07,Gold
2170,8,991.75,123.97,Gold
128,5,992.54,198.51,Gold
187,7,994.13,142.02,Gold
2124,4,994.92,248.73,Gold
2886,4,995.24,248.81,Gold
849,5,995.73,199.15,Gold
714,5,996.6,199.32,Gold
2383,4,998.75,249.69,Gold
2263,5,998.77,199.75,Gold
2457,3,999.07,333.02,Gold
149,6,999.47,166.58,Gold
36,5,1001.96,200.39,Gold
283,6,1002.63,167.1,Gold
2161,8,1002.9,125.36,Gold
2872,3,1004.15,334.72,Gold
905,6,1006.65,167.78,Gold
770,8,1008.49,126.06,Gold
892,6,1009.24,168.21,Gold
1029,4,1010.97,252.74,Gold
1412,5,1012.26,202.45,Gold
336,4,1013.25,253.31,Gold
2842,6,1014.59,169.1,Gold
2065,6,1015.95,169.32,Gold
1945,6,1016.28,169.38,Gold
1391,8,1017.81,127.23,Gold
676,3,1019.67,339.89,Gold
1258,4,1021.2,255.3,Gold
1527,6,1021.58,170.26,Gold
2694,4,1022.54,255.64,Gold
1120,4,1022.83,255.71,Gold
657,6,1023.59,170.6,Gold
1284,5,1023.78,204.76,Gold
1915,5,1024.78,204.96,Gold
2838,5,1026.64,205.33,Gold
1231,6,1026.7,171.12,Gold
2257,3,1029.25,343.08,Gold
2646,6,1030.53,171.76,Gold
1577,3,1030.58,343.53,Gold
521,7,1032.79,147.54,Gold
2706,6,1033.94,172.32,Gold
2462,6,1034.41,172.4,Gold
43,7,1034.97,147.85,Gold
932,2,1036.23,518.12,Gold
881,8,1036.79,129.6,Gold
2637,7,1039.22,148.46,Gold
386,3,1040.34,346.78,Gold
1492,2,1040.39,520.2,Gold
1896,6,1041.59,173.6,Gold
920,5,1042.23,208.45,Gold
2322,4,1042.53,260.63,Gold
1568,7,1042.99,149,Gold
1377,2,1044.58,522.29,Gold
2606,4,1044.87,261.22,Gold
2375,6,1045.44,174.24,Gold
1137,7,1048.17,149.74,Gold
1848,6,1049.63,174.94,Gold
763,5,1049.85,209.97,Gold
429,8,1051.51,131.44,Gold
2067,2,1052.72,526.36,Gold
2781,4,1058.31,264.58,Gold
665,4,1061.93,265.48,Gold
1940,8,1061.98,132.75,Gold
618,5,1062.63,212.53,Gold
2884,5,1064.87,212.97,Gold
1092,4,1066.49,266.62,Gold
2002,6,1066.5,177.75,Gold
1779,3,1066.51,355.5,Gold
1167,3,1067.99,356,Gold
1532,4,1068.76,267.19,Gold
1102,4,1070.67,267.67,Gold
1259,2,1071.05,535.52,Gold
1602,4,1071.15,267.79,Gold
1824,8,1072.93,134.12,Gold
1904,5,1073.58,214.72,Gold
1417,5,1074.32,214.86,Gold
383,5,1077.61,215.52,Gold
2434,6,1077.76,179.63,Gold
1131,3,1078.55,359.52,Gold
1423,4,1078.59,269.65,Gold
1020,3,1079.32,359.77,Gold
2935,5,1081.44,216.29,Gold
991,5,1084.5,216.9,Gold
2004,8,1084.93,135.62,Gold
2180,3,1085.78,361.93,Gold
2811,7,1085.89,155.13,Gold
1139,2,1086.86,543.43,Gold
1395,6,1087.37,181.23,Gold
730,5,1089.62,217.92,Gold
2725,2,1089.76,544.88,Gold
2780,6,1090.04,181.67,Gold
484,2,1092.26,546.13,Gold
2746,8,1093.98,136.75,Gold
1135,6,1094.95,182.49,Gold
113,3,1095.36,365.12,Gold
2163,2,1098.72,549.36,Gold
581,5,1101.46,220.29,Gold
195,5,1102.53,220.51,Gold
1450,8,1103.59,137.95,Gold
2361,3,1105.23,368.41,Gold
2965,8,1107.21,138.4,Gold
2315,3,1109.46,369.82,Gold
2428,7,1113.21,159.03,Gold
988,7,1113.77,159.11,Gold
2568,7,1115.62,159.37,Gold
1583,4,1117.6,279.4,Gold
1153,7,1117.62,159.66,Gold
586,4,1117.75,279.44,Gold
1103,5,1118.13,223.63,Gold
2846,4,1119.71,279.93,Gold
2410,2,1125.64,562.82,Gold
1910,4,1128,282,Gold
397,4,1130.13,282.53,Gold
1918,3,1135.86,378.62,Gold
1699,5,1138.15,227.63,Gold
2236,8,1138.99,142.37,Gold
1292,5,1141.96,228.39,Gold
798,7,1142.52,163.22,Gold
1498,3,1142.91,380.97,Gold
191,5,1144.03,228.81,Gold
1506,4,1144.34,286.09,Gold
2876,5,1145.57,229.11,Gold
2757,7,1146.23,163.75,Gold
2890,6,1146.7,191.12,Gold
251,5,1147.35,229.47,Gold
2551,5,1147.6,229.52,Gold
2643,4,1147.89,286.97,Gold
2429,5,1148.16,229.63,Gold
342,6,1148.41,191.4,Gold
818,3,1148.65,382.88,Gold
1123,4,1148.94,287.24,Gold
154,6,1150.83,191.8,Gold
2932,5,1150.96,230.19,Gold
1811,9,1150.98,127.89,Gold
2042,4,1151.16,287.79,Gold
496,4,1153.15,288.29,Gold
653,3,1157.55,385.85,Gold
1931,5,1158.11,231.62,Gold
2494,5,1159.85,231.97,Gold
2414,5,1160.28,232.06,Gold
874,9,1160.59,128.95,Gold
1994,5,1166.51,233.3,Gold
2135,5,1167.1,233.42,Gold
2787,4,1167.44,291.86,Gold
91,2,1168.74,584.37,Gold
2259,8,1170.18,146.27,Gold
1580,5,1170.55,234.11,Gold
2858,5,1170.96,234.19,Gold
2296,3,1171.34,390.45,Gold
1765,4,1173.38,293.35,Gold
2764,7,1174.19,167.74,Gold
396,7,1174.63,167.8,Gold
825,8,1180.68,147.58,Gold
1669,5,1182.86,236.57,Gold
869,4,1183.64,295.91,Gold
1144,2,1187.02,593.51,Gold
936,8,1188.19,148.52,Gold
1235,4,1189.71,297.43,Gold
2519,8,1190.46,148.81,Gold
691,1,1191.44,1191.44,Gold
725,3,1192.26,397.42,Platinum
1936,5,1192.45,238.49,Platinum
2188,5,1194.21,238.84,Platinum
2243,3,1196.76,398.92,Platinum
2436,3,1198.4,399.47,Platinum
2204,3,1198.79,399.6,Platinum
2275,4,1201.5,300.38,Platinum
601,5,1201.93,240.39,Platinum
2095,5,1207.24,241.45,Platinum
1545,2,1207.3,603.65,Platinum
1986,4,1209.47,302.37,Platinum
990,8,1209.56,151.2,Platinum
2673,4,1212.52,303.13,Platinum
1653,1,1216.8,1216.8,Platinum
700,8,1216.95,152.12,Platinum
2608,6,1217.23,202.87,Platinum
2713,2,1219.04,609.52,Platinum
2709,10,1219.36,121.94,Platinum
2197,4,1221.37,305.34,Platinum
1948,4,1223.13,305.78,Platinum
2044,5,1223.51,244.7,Platinum
791,4,1226.42,306.6,Platinum
2602,9,1227.94,136.44,Platinum
1893,6,1230.27,205.04,Platinum
367,4,1231.53,307.88,Platinum
520,6,1232.56,205.43,Platinum
2071,4,1240.71,310.18,Platinum
1992,4,1243.38,310.85,Platinum
399,5,1245.07,249.01,Platinum
1902,6,1245.91,207.65,Platinum
75,5,1247.88,249.58,Platinum
1846,4,1248.81,312.2,Platinum
2775,6,1249.92,208.32,Platinum
816,6,1254.85,209.14,Platinum
1864,6,1256.12,209.35,Platinum
1215,4,1258.92,314.73,Platinum
1867,4,1260.88,315.22,Platinum
1105,5,1261.56,252.31,Platinum
2829,7,1263.16,180.45,Platinum
2221,6,1263.64,210.61,Platinum
2008,6,1267.28,211.21,Platinum
171,6,1271.97,212,Platinum
1307,5,1278.24,255.65,Platinum
957,6,1281.48,213.58,Platinum
1631,5,1283.07,256.61,Platinum
1168,5,1285.54,257.11,Platinum
822,8,1286.15,160.77,Platinum
1232,5,1289.44,257.89,Platinum
39,6,1289.66,214.94,Platinum
1491,6,1289.7,214.95,Platinum
2272,3,1290.74,430.25,Platinum
423,2,1296.02,648.01,Platinum
1659,5,1296.45,259.29,Platinum
365,6,1296.93,216.15,Platinum
2172,2,1298.1,649.05,Platinum
2217,2,1298.55,649.28,Platinum
2687,12,1299.47,108.29,Platinum
2765,3,1299.58,433.19,Platinum
2154,5,1303.01,260.6,Platinum
755,4,1305.43,326.36,Platinum
1736,4,1306.98,326.74,Platinum
351,3,1311.48,437.16,Platinum
1402,4,1311.99,328,Platinum
2839,6,1313.94,218.99,Platinum
1272,4,1316.73,329.18,Platinum
2776,4,1318.58,329.64,Platinum
73,5,1318.88,263.78,Platinum
1696,6,1323.6,220.6,Platinum
1830,3,1325.05,441.68,Platinum
311,6,1326.7,221.12,Platinum
2316,5,1326.75,265.35,Platinum
1255,2,1326.78,663.39,Platinum
1574,8,1334.43,166.8,Platinum
465,3,1334.56,444.85,Platinum
1637,8,1334.77,166.85,Platinum
428,2,1338.72,669.36,Platinum
1147,3,1339,446.33,Platinum
1852,5,1344.89,268.98,Platinum
2607,6,1347.71,224.62,Platinum
1970,8,1349.35,168.67,Platinum
1977,2,1350.98,675.49,Platinum
619,3,1353.92,451.31,Platinum
516,7,1355.67,193.67,Platinum
1490,5,1358.18,271.64,Platinum
955,6,1358.45,226.41,Platinum
1386,3,1359.44,453.15,Platinum
137,9,1361.64,151.29,Platinum
2804,4,1362.19,340.55,Platinum
1855,3,1365.22,455.07,Platinum
2572,4,1369.56,342.39,Platinum
2450,3,1369.8,456.6,Platinum
1319,3,1372.86,457.62,Platinum
1597,4,1374.26,343.56,Platinum
1148,3,1376.91,458.97,Platinum
1309,4,1378.47,344.62,Platinum
1638,3,1379.02,459.67,Platinum
1266,1,1379.04,1379.04,Platinum
2052,3,1379.96,459.99,Platinum
375,6,1381.67,230.28,Platinum
1157,3,1384.93,461.64,Platinum
2476,5,1387.7,277.54,Platinum
2405,3,1388.38,462.79,Platinum
2321,7,1389.4,198.49,Platinum
1998,6,1390.17,231.7,Platinum
1843,3,1391.09,463.7,Platinum
1921,6,1391.13,231.86,Platinum
2242,5,1394.91,278.98,Platinum
2588,8,1404.16,175.52,Platinum
2097,4,1404.56,351.14,Platinum
2666,7,1406.89,200.98,Platinum
921,12,1410.31,117.53,Platinum
1794,1,1410.88,1410.88,Platinum
1152,5,1415.14,283.03,Platinum
2882,3,1418.35,472.78,Platinum
741,2,1427.65,713.82,Platinum
1611,2,1429.74,714.87,Platinum
2868,4,1433.97,358.49,Platinum
768,3,1440.5,480.17,Platinum
1298,2,1473.27,736.64,Platinum
2219,4,1481.12,370.28,Platinum
979,4,1486.62,371.66,Platinum
907,4,1489.3,372.32,Platinum
2284,5,1489.32,297.86,Platinum
1463,9,1493.18,165.91,Platinum
2937,4,1496.41,374.1,Platinum
1620,5,1496.7,299.34,Platinum
1647,4,1496.86,374.22,Platinum
1293,4,1497.29,374.32,Platinum
86,3,1504.32,501.44,Platinum
1681,5,1510.89,302.18,Platinum
1448,7,1518.84,216.98,Platinum
1305,5,1519.02,303.8,Platinum
702,5,1524.54,304.91,Platinum
2382,6,1528.26,254.71,Platinum
632,4,1528.68,382.17,Platinum
2459,1,1535.92,1535.92,Platinum
1328,7,1540.96,220.14,Platinum
363,5,1541.56,308.31,Platinum
670,4,1547.23,386.81,Platinum
2652,2,1547.73,773.86,Platinum
2818,4,1556.82,389.2,Platinum
40,5,1560.43,312.09,Platinum
307,6,1566.72,261.12,Platinum
254,6,1571.93,261.99,Platinum
2346,3,1572.39,524.13,Platinum
2055,5,1575.81,315.16,Platinum
2350,7,1579.86,225.69,Platinum
119,3,1583.07,527.69,Platinum
1536,3,1583.1,527.7,Platinum
1263,4,1586.17,396.54,Platinum
1682,8,1586.38,198.3,Platinum
2159,6,1592.49,265.42,Platinum
1188,3,1594.02,531.34,Platinum
1337,3,1602.32,534.11,Platinum
2230,1,1602.7,1602.7,Platinum
2444,7,1605.98,229.43,Platinum
704,8,1609.86,201.23,Platinum
2622,5,1635.7,327.14,Platinum
2308,4,1639.29,409.82,Platinum
1212,5,1654.57,330.91,Platinum
2994,3,1657.1,552.37,Platinum
2467,5,1660.61,332.12,Platinum
566,2,1663.36,831.68,Platinum
54,2,1668.34,834.17,Platinum
925,5,1689.02,337.8,Platinum
1813,3,1690.8,563.6,Platinum
2918,3,1691.96,563.99,Platinum
226,8,1692.54,211.57,Platinum
984,4,1696.84,424.21,Platinum
1017,10,1699.39,169.94,Platinum
210,5,1703.27,340.65,Platinum
1565,7,1706.36,243.77,Platinum
1873,6,1707.76,284.63,Platinum
1989,2,1708.86,854.43,Platinum
1478,2,1709.43,854.71,Platinum
2594,6,1718.54,286.42,Platinum
2984,6,1723.42,287.24,Platinum
23,3,1726.54,575.51,Platinum
1470,8,1730.72,216.34,Platinum
2248,2,1734.32,867.16,Platinum
1365,4,1736.33,434.08,Platinum
1914,8,1737.24,217.16,Platinum
2655,3,1738.52,579.51,Platinum
2653,7,1741.05,248.72,Platinum
242,6,1751.7,291.95,Platinum
1416,7,1756.59,250.94,Platinum
2774,10,1759.58,175.96,Platinum
1358,7,1774.33,253.48,Platinum
2098,3,1779.84,593.28,Platinum
1313,9,1790.43,198.94,Platinum
2929,6,1793.2,298.87,Platinum
1392,5,1801.14,360.23,Platinum
2503,7,1812.07,258.87,Platinum
1882,7,1812.82,258.97,Platinum
1639,5,1816.62,363.32,Platinum
557,6,1834.2,305.7,Platinum
2336,3,1842.41,614.14,Platinum
637,6,1844.75,307.46,Platinum
742,5,1848.46,369.69,Platinum
1879,5,1849.66,369.93,Platinum
2668,6,1850.18,308.36,Platinum
1990,4,1851.87,462.97,Platinum
2661,6,1872.87,312.15,Platinum
973,7,1874.21,267.74,Platinum
2902,5,1879.2,375.84,Platinum
2162,6,1893.23,315.54,Platinum
986,3,1899.85,633.28,Platinum
2007,6,1900,316.67,Platinum
176,3,1914.94,638.31,Platinum
2885,6,1920.9,320.15,Platinum
2337,5,1948.11,389.62,Platinum
372,3,1949.72,649.91,Platinum
1529,3,1952.38,650.79,Platinum
1014,7,1952.46,278.92,Platinum
1800,8,1959.25,244.91,Platinum
2669,7,1961.82,280.26,Platinum
2149,5,1993.37,398.67,Platinum
29,7,2016.38,288.05,Platinum
1233,3,2022.57,674.19,Platinum
1219,4,2052.42,513.1,Platinum
2295,7,2063,294.71,Platinum
1349,5,2063.49,412.7,Platinum
1628,3,2079.6,693.2,Platinum
1626,9,2084.8,231.64,Platinum
1803,5,2090.97,418.19,Platinum
1809,6,2092,348.67,Platinum
2203,5,2106.58,421.32,Platinum
304,2,2115.9,1057.95,Platinum
1087,3,2124.5,708.17,Platinum
604,5,2139.26,427.85,Platinum
860,2,2149.24,1074.62,Platinum
2034,4,2152.39,538.1,Platinum
2,5,2153.51,430.7,Platinum
528,3,2154.78,718.26,Platinum
192,8,2173.83,271.73,Platinum
2057,4,2176.68,544.17,Platinum
546,8,2218.94,277.37,Platinum
2210,5,2220.64,444.13,Platinum
22,7,2227.03,318.15,Platinum
2181,6,2241.56,373.59,Platinum
1980,4,2245.48,561.37,Platinum
778,6,2251.61,375.27,Platinum
2641,4,2266.21,566.55,Platinum
831,4,2266.27,566.57,Platinum
162,5,2311.85,462.37,Platinum
608,5,2354.08,470.82,Platinum
1163,5,2363.13,472.63,Platinum
443,5,2365.35,473.07,Platinum
2049,9,2388.11,265.35,Platinum
549,3,2392.67,797.56,Platinum
535,2,2400.93,1200.47,Platinum
1773,8,2419.16,302.4,Platinum
1368,7,2420.38,345.77,Platinum
596,6,2445.3,407.55,Platinum
245,6,2461.61,410.27,Platinum
1083,7,2487.75,355.39,Platinum
2910,3,2499.6,833.2,Platinum
1444,6,2530.79,421.8,Platinum
674,5,2577.51,515.5,Platinum
1684,4,2619.91,654.98,Platinum
864,2,2624.95,1312.48,Platinum
2102,5,2649.91,529.98,Platinum
978,5,2664.59,532.92,Platinum
2658,6,2689.8,448.3,Platinum
1465,7,2761.68,394.53,Platinum
2723,3,2795.4,931.8,Platinum
2921,5,2868.79,573.76,Platinum
2157,9,2877.03,319.67,Platinum
2809,7,2886.53,412.36,Platinum
2276,4,2922.52,730.63,Platinum
2508,3,2933.65,977.88,Platinum
934,4,2966.02,741.5,Platinum
710,7,2974.77,424.97,Platinum
2012,4,2983.5,745.88,Platinum
1159,4,2992.63,748.16,Platinum
2280,5,3017.25,603.45,Platinum
2541,3,3106.43,1035.48,Platinum
1590,4,3136.02,784,Platinum
1782,8,3172.8,396.6,Platinum
2492,5,3172.99,634.6,Platinum
2026,3,3178.39,1059.46,Platinum
1774,5,3218.22,643.64,Platinum
2045,5,3322.48,664.5,Platinum
1068,6,3415.08,569.18,Platinum
525,5,3610.49,722.1,Platinum
2103,3,3664.65,1221.55,Platinum
626,2,3985.68,1992.84,Platinum
1725,7,4672.11,667.44,Platinum
793,5,4697.16,939.43,Platinum
